NN_type,units,epochs,batch_size,max_iterations,Users,round_iteration,start_time,end_time,round_time_s,round_time_m,class,accuracy,precision,recall,f1_score,cohen_kappa_score,roc_auc_score,confusion_matrix,TP,FP,FN,TN
LSTM_BI,128,1,32,120,20,0,2023-09-12 08:05:50.780033,2023-09-12 08:08:16.563141,145.78310799598694,2.429718466599782,awake,0.7013765574323828,0.7013765574323828,1.0,0.8244812759038587,0.0,0.5,"[[0 40697]
 [0 95585]]",0.0,40697.0,0.0,95585.0
LSTM_BI,128,1,32,120,20,0,2023-09-12 08:05:50.780033,2023-09-12 08:08:16.563141,145.78310799598694,2.429718466599782,asleep,0.7030715721812125,0.0,0.0,0.0,0.0,0.5,"[[95816 0]
 [40466 0]]",95816.0,0.0,40466.0,0.0
LSTM_BI,128,1,32,120,20,0,2023-09-12 08:05:50.780033,2023-09-12 08:08:16.563141,145.78310799598694,2.429718466599782,avg,0.7022240648067977,0.3506882787161914,0.5,0.41224063795192933,0.0,0.5,,,,,
LSTM_BI,128,1,32,120,20,1,2023-09-12 08:08:17.444933,2023-09-12 08:10:12.748009,115.30307602882385,1.921717933813731,awake,0.7013765574323828,0.7013765574323828,1.0,0.8244812759038587,0.0,0.5,"[[0 40697]
 [0 95585]]",0.0,40697.0,0.0,95585.0
LSTM_BI,128,1,32,120,20,1,2023-09-12 08:08:17.444933,2023-09-12 08:10:12.748009,115.30307602882385,1.921717933813731,asleep,0.7030715721812125,0.0,0.0,0.0,0.0,0.5,"[[95816 0]
 [40466 0]]",95816.0,0.0,40466.0,0.0
LSTM_BI,128,1,32,120,20,1,2023-09-12 08:08:17.444933,2023-09-12 08:10:12.748009,115.30307602882385,1.921717933813731,avg,0.7022240648067977,0.3506882787161914,0.5,0.41224063795192933,0.0,0.5,,,,,
LSTM_BI,128,1,32,120,20,2,2023-09-12 08:10:13.587239,2023-09-12 08:12:08.158165,114.57092595100403,1.9095154325167338,awake,0.7013765574323828,0.7013765574323828,1.0,0.8244812759038587,0.0,0.5,"[[0 40697]
 [0 95585]]",0.0,40697.0,0.0,95585.0
LSTM_BI,128,1,32,120,20,2,2023-09-12 08:10:13.587239,2023-09-12 08:12:08.158165,114.57092595100403,1.9095154325167338,asleep,0.7030715721812125,0.0,0.0,0.0,0.0,0.5,"[[95816 0]
 [40466 0]]",95816.0,0.0,40466.0,0.0
LSTM_BI,128,1,32,120,20,2,2023-09-12 08:10:13.587239,2023-09-12 08:12:08.158165,114.57092595100403,1.9095154325167338,avg,0.7022240648067977,0.3506882787161914,0.5,0.41224063795192933,0.0,0.5,,,,,
LSTM_BI,128,1,32,120,20,3,2023-09-12 08:12:09.005374,2023-09-12 08:14:04.968784,115.96341013908386,1.9327235023180644,awake,0.7013765574323828,0.7013765574323828,1.0,0.8244812759038587,0.0,0.5,"[[0 40697]
 [0 95585]]",0.0,40697.0,0.0,95585.0
LSTM_BI,128,1,32,120,20,3,2023-09-12 08:12:09.005374,2023-09-12 08:14:04.968784,115.96341013908386,1.9327235023180644,asleep,0.7030715721812125,0.0,0.0,0.0,0.0,0.5,"[[95816 0]
 [40466 0]]",95816.0,0.0,40466.0,0.0
LSTM_BI,128,1,32,120,20,3,2023-09-12 08:12:09.005374,2023-09-12 08:14:04.968784,115.96341013908386,1.9327235023180644,avg,0.7022240648067977,0.3506882787161914,0.5,0.41224063795192933,0.0,0.5,,,,,
LSTM_BI,128,1,32,120,20,4,2023-09-12 08:14:05.804816,2023-09-12 08:16:00.637578,114.83276200294495,1.9138793667157492,awake,0.7013765574323828,0.7013765574323828,1.0,0.8244812759038587,0.0,0.5,"[[0 40697]
 [0 95585]]",0.0,40697.0,0.0,95585.0
LSTM_BI,128,1,32,120,20,4,2023-09-12 08:14:05.804816,2023-09-12 08:16:00.637578,114.83276200294495,1.9138793667157492,asleep,0.7030715721812125,0.0,0.0,0.0,0.0,0.5,"[[95816 0]
 [40466 0]]",95816.0,0.0,40466.0,0.0
LSTM_BI,128,1,32,120,20,4,2023-09-12 08:14:05.804816,2023-09-12 08:16:00.637578,114.83276200294495,1.9138793667157492,avg,0.7022240648067977,0.3506882787161914,0.5,0.41224063795192933,0.0,0.5,,,,,
LSTM_BI,128,1,32,120,20,5,2023-09-12 08:16:01.498221,2023-09-12 08:17:55.838833,114.34061217308044,1.9056768695513406,awake,0.7013765574323828,0.7013765574323828,1.0,0.8244812759038587,0.0,0.5,"[[0 40697]
 [0 95585]]",0.0,40697.0,0.0,95585.0
LSTM_BI,128,1,32,120,20,5,2023-09-12 08:16:01.498221,2023-09-12 08:17:55.838833,114.34061217308044,1.9056768695513406,asleep,0.7030715721812125,0.0,0.0,0.0,0.0,0.5,"[[95816 0]
 [40466 0]]",95816.0,0.0,40466.0,0.0
LSTM_BI,128,1,32,120,20,5,2023-09-12 08:16:01.498221,2023-09-12 08:17:55.838833,114.34061217308044,1.9056768695513406,avg,0.7022240648067977,0.3506882787161914,0.5,0.41224063795192933,0.0,0.5,,,,,
LSTM_BI,128,1,32,120,20,6,2023-09-12 08:17:56.701555,2023-09-12 08:19:52.407079,115.70552396774292,1.928425399462382,awake,0.7013765574323828,0.7013765574323828,1.0,0.8244812759038587,0.0,0.5,"[[0 40697]
 [0 95585]]",0.0,40697.0,0.0,95585.0
LSTM_BI,128,1,32,120,20,6,2023-09-12 08:17:56.701555,2023-09-12 08:19:52.407079,115.70552396774292,1.928425399462382,asleep,0.7030715721812125,0.0,0.0,0.0,0.0,0.5,"[[95816 0]
 [40466 0]]",95816.0,0.0,40466.0,0.0
LSTM_BI,128,1,32,120,20,6,2023-09-12 08:17:56.701555,2023-09-12 08:19:52.407079,115.70552396774292,1.928425399462382,avg,0.7022240648067977,0.3506882787161914,0.5,0.41224063795192933,0.0,0.5,,,,,
LSTM_BI,128,1,32,120,20,7,2023-09-12 08:19:53.242551,2023-09-12 08:21:48.442540,115.1999888420105,1.9199998140335084,awake,0.7013765574323828,0.7013765574323828,1.0,0.8244812759038587,0.0,0.5,"[[0 40697]
 [0 95585]]",0.0,40697.0,0.0,95585.0
LSTM_BI,128,1,32,120,20,7,2023-09-12 08:19:53.242551,2023-09-12 08:21:48.442540,115.1999888420105,1.9199998140335084,asleep,0.7030715721812125,0.0,0.0,0.0,0.0,0.5,"[[95816 0]
 [40466 0]]",95816.0,0.0,40466.0,0.0
LSTM_BI,128,1,32,120,20,7,2023-09-12 08:19:53.242551,2023-09-12 08:21:48.442540,115.1999888420105,1.9199998140335084,avg,0.7022240648067977,0.3506882787161914,0.5,0.41224063795192933,0.0,0.5,,,,,
LSTM_BI,128,1,32,120,20,8,2023-09-12 08:21:49.298982,2023-09-12 08:23:44.417622,115.11864018440247,1.9186440030733745,awake,0.7013765574323828,0.7013765574323828,1.0,0.8244812759038587,0.0,0.5,"[[0 40697]
 [0 95585]]",0.0,40697.0,0.0,95585.0
LSTM_BI,128,1,32,120,20,8,2023-09-12 08:21:49.298982,2023-09-12 08:23:44.417622,115.11864018440247,1.9186440030733745,asleep,0.7030715721812125,0.0,0.0,0.0,0.0,0.5,"[[95816 0]
 [40466 0]]",95816.0,0.0,40466.0,0.0
LSTM_BI,128,1,32,120,20,8,2023-09-12 08:21:49.298982,2023-09-12 08:23:44.417622,115.11864018440247,1.9186440030733745,avg,0.7022240648067977,0.3506882787161914,0.5,0.41224063795192933,0.0,0.5,,,,,
LSTM_BI,128,1,32,120,20,9,2023-09-12 08:23:45.269726,2023-09-12 08:25:41.408029,116.13830304145813,1.935638384024302,awake,0.7013765574323828,0.7013765574323828,1.0,0.8244812759038587,0.0,0.5,"[[0 40697]
 [0 95585]]",0.0,40697.0,0.0,95585.0
LSTM_BI,128,1,32,120,20,9,2023-09-12 08:23:45.269726,2023-09-12 08:25:41.408029,116.13830304145813,1.935638384024302,asleep,0.7030715721812125,0.0,0.0,0.0,0.0,0.5,"[[95816 0]
 [40466 0]]",95816.0,0.0,40466.0,0.0
LSTM_BI,128,1,32,120,20,9,2023-09-12 08:23:45.269726,2023-09-12 08:25:41.408029,116.13830304145813,1.935638384024302,avg,0.7022240648067977,0.3506882787161914,0.5,0.41224063795192933,0.0,0.5,,,,,
LSTM_BI,128,1,32,120,20,10,2023-09-12 08:25:42.258797,2023-09-12 08:27:38.489736,116.23093914985657,1.937182319164276,awake,0.7013765574323828,0.7013765574323828,1.0,0.8244812759038587,0.0,0.5,"[[0 40697]
 [0 95585]]",0.0,40697.0,0.0,95585.0
LSTM_BI,128,1,32,120,20,10,2023-09-12 08:25:42.258797,2023-09-12 08:27:38.489736,116.23093914985657,1.937182319164276,asleep,0.7030715721812125,0.0,0.0,0.0,0.0,0.5,"[[95816 0]
 [40466 0]]",95816.0,0.0,40466.0,0.0
LSTM_BI,128,1,32,120,20,10,2023-09-12 08:25:42.258797,2023-09-12 08:27:38.489736,116.23093914985657,1.937182319164276,avg,0.7022240648067977,0.3506882787161914,0.5,0.41224063795192933,0.0,0.5,,,,,
LSTM_BI,128,1,32,120,20,11,2023-09-12 08:27:39.353119,2023-09-12 08:29:49.693085,130.33996605873108,2.172332767645518,awake,0.7013765574323828,0.7013765574323828,1.0,0.8244812759038587,0.0,0.5,"[[0 40697]
 [0 95585]]",0.0,40697.0,0.0,95585.0
LSTM_BI,128,1,32,120,20,11,2023-09-12 08:27:39.353119,2023-09-12 08:29:49.693085,130.33996605873108,2.172332767645518,asleep,0.7030715721812125,0.0,0.0,0.0,0.0,0.5,"[[95816 0]
 [40466 0]]",95816.0,0.0,40466.0,0.0
LSTM_BI,128,1,32,120,20,11,2023-09-12 08:27:39.353119,2023-09-12 08:29:49.693085,130.33996605873108,2.172332767645518,avg,0.7022240648067977,0.3506882787161914,0.5,0.41224063795192933,0.0,0.5,,,,,
LSTM_BI,128,1,32,120,20,12,2023-09-12 08:29:50.512993,2023-09-12 08:31:46.167397,115.65440392494202,1.9275733987490336,awake,0.7013765574323828,0.7013765574323828,1.0,0.8244812759038587,0.0,0.5,"[[0 40697]
 [0 95585]]",0.0,40697.0,0.0,95585.0
LSTM_BI,128,1,32,120,20,12,2023-09-12 08:29:50.512993,2023-09-12 08:31:46.167397,115.65440392494202,1.9275733987490336,asleep,0.7030715721812125,0.0,0.0,0.0,0.0,0.5,"[[95816 0]
 [40466 0]]",95816.0,0.0,40466.0,0.0
LSTM_BI,128,1,32,120,20,12,2023-09-12 08:29:50.512993,2023-09-12 08:31:46.167397,115.65440392494202,1.9275733987490336,avg,0.7022240648067977,0.3506882787161914,0.5,0.41224063795192933,0.0,0.5,,,,,
LSTM_BI,128,1,32,120,20,13,2023-09-12 08:31:47.012405,2023-09-12 08:33:42.438448,115.42604303359985,1.923767383893331,awake,0.7013765574323828,0.7013765574323828,1.0,0.8244812759038587,0.0,0.5,"[[0 40697]
 [0 95585]]",0.0,40697.0,0.0,95585.0
LSTM_BI,128,1,32,120,20,13,2023-09-12 08:31:47.012405,2023-09-12 08:33:42.438448,115.42604303359985,1.923767383893331,asleep,0.7030715721812125,0.0,0.0,0.0,0.0,0.5,"[[95816 0]
 [40466 0]]",95816.0,0.0,40466.0,0.0
LSTM_BI,128,1,32,120,20,13,2023-09-12 08:31:47.012405,2023-09-12 08:33:42.438448,115.42604303359985,1.923767383893331,avg,0.7022240648067977,0.3506882787161914,0.5,0.41224063795192933,0.0,0.5,,,,,
LSTM_BI,128,1,32,120,20,14,2023-09-12 08:33:43.290024,2023-09-12 08:35:38.610433,115.32040905952454,1.9220068176587424,awake,0.7013765574323828,0.7013765574323828,1.0,0.8244812759038587,0.0,0.5,"[[0 40697]
 [0 95585]]",0.0,40697.0,0.0,95585.0
LSTM_BI,128,1,32,120,20,14,2023-09-12 08:33:43.290024,2023-09-12 08:35:38.610433,115.32040905952454,1.9220068176587424,asleep,0.7030715721812125,0.0,0.0,0.0,0.0,0.5,"[[95816 0]
 [40466 0]]",95816.0,0.0,40466.0,0.0
LSTM_BI,128,1,32,120,20,14,2023-09-12 08:33:43.290024,2023-09-12 08:35:38.610433,115.32040905952454,1.9220068176587424,avg,0.7022240648067977,0.3506882787161914,0.5,0.41224063795192933,0.0,0.5,,,,,
LSTM_BI,128,1,32,120,20,15,2023-09-12 08:35:39.460517,2023-09-12 08:37:34.297237,114.83671998977661,1.9139453331629435,awake,0.7013765574323828,0.7013765574323828,1.0,0.8244812759038587,0.0,0.5,"[[0 40697]
 [0 95585]]",0.0,40697.0,0.0,95585.0
LSTM_BI,128,1,32,120,20,15,2023-09-12 08:35:39.460517,2023-09-12 08:37:34.297237,114.83671998977661,1.9139453331629435,asleep,0.7030715721812125,0.0,0.0,0.0,0.0,0.5,"[[95816 0]
 [40466 0]]",95816.0,0.0,40466.0,0.0
LSTM_BI,128,1,32,120,20,15,2023-09-12 08:35:39.460517,2023-09-12 08:37:34.297237,114.83671998977661,1.9139453331629435,avg,0.7022240648067977,0.3506882787161914,0.5,0.41224063795192933,0.0,0.5,,,,,
LSTM_BI,128,1,32,120,20,16,2023-09-12 08:37:35.152255,2023-09-12 08:39:30.152793,115.00053787231445,1.9166756312052409,awake,0.7013765574323828,0.7013765574323828,1.0,0.8244812759038587,0.0,0.5,"[[0 40697]
 [0 95585]]",0.0,40697.0,0.0,95585.0
LSTM_BI,128,1,32,120,20,16,2023-09-12 08:37:35.152255,2023-09-12 08:39:30.152793,115.00053787231445,1.9166756312052409,asleep,0.7030715721812125,0.0,0.0,0.0,0.0,0.5,"[[95816 0]
 [40466 0]]",95816.0,0.0,40466.0,0.0
LSTM_BI,128,1,32,120,20,16,2023-09-12 08:37:35.152255,2023-09-12 08:39:30.152793,115.00053787231445,1.9166756312052409,avg,0.7022240648067977,0.3506882787161914,0.5,0.41224063795192933,0.0,0.5,,,,,
LSTM_BI,128,1,32,120,20,17,2023-09-12 08:39:30.998150,2023-09-12 08:41:28.061830,117.06367993354797,1.9510613322257995,awake,0.7013765574323828,0.7013765574323828,1.0,0.8244812759038587,0.0,0.5,"[[0 40697]
 [0 95585]]",0.0,40697.0,0.0,95585.0
LSTM_BI,128,1,32,120,20,17,2023-09-12 08:39:30.998150,2023-09-12 08:41:28.061830,117.06367993354797,1.9510613322257995,asleep,0.7030715721812125,0.0,0.0,0.0,0.0,0.5,"[[95816 0]
 [40466 0]]",95816.0,0.0,40466.0,0.0
LSTM_BI,128,1,32,120,20,17,2023-09-12 08:39:30.998150,2023-09-12 08:41:28.061830,117.06367993354797,1.9510613322257995,avg,0.7022240648067977,0.3506882787161914,0.5,0.41224063795192933,0.0,0.5,,,,,
LSTM_BI,128,1,32,120,20,18,2023-09-12 08:41:28.904331,2023-09-12 08:43:24.396777,115.49244594573975,1.9248740990956625,awake,0.7013838951585682,0.7013817039792781,1.0,0.8244848317562731,3.446787804539664e-05,0.5000122859178809,"[[1 40696]
 [0 95585]]",1.0,40696.0,0.0,95585.0
LSTM_BI,128,1,32,120,20,18,2023-09-12 08:41:28.904331,2023-09-12 08:43:24.396777,115.49244594573975,1.9248740990956625,asleep,0.7030789099073979,1.0,2.4712103988533584e-05,4.942298663108212e-05,3.474840684836167e-05,0.5000123560519942,"[[95816 0]
 [40465 1]]",95816.0,0.0,40465.0,1.0
LSTM_BI,128,1,32,120,20,18,2023-09-12 08:41:28.904331,2023-09-12 08:43:24.396777,115.49244594573975,1.9248740990956625,avg,0.702231402532983,0.850690851989639,0.5000123560519942,0.4122671273714521,3.460814244687915e-05,0.5000123209849376,,,,,
LSTM_BI,128,1,32,120,20,19,2023-09-12 08:43:25.236286,2023-09-12 08:45:22.380241,117.14395499229431,1.9523992498715719,awake,0.7013912328847537,0.7013868506017024,1.0,0.8244883876393592,6.893507389005293e-05,0.5000245718357619,"[[2 40695]
 [0 95585]]",2.0,40695.0,0.0,95585.0
LSTM_BI,128,1,32,120,20,19,2023-09-12 08:43:25.236286,2023-09-12 08:45:22.380241,117.14395499229431,1.9523992498715719,asleep,0.7030862476335833,1.0,4.942420797706717e-05,9.884353069091628e-05,6.949611619588847e-05,0.5000247121039886,"[[95816 0]
 [40464 2]]",95816.0,0.0,40464.0,2.0
LSTM_BI,128,1,32,120,20,19,2023-09-12 08:43:25.236286,2023-09-12 08:45:22.380241,117.14395499229431,1.9523992498715719,avg,0.7022387402591685,0.8506934253008511,0.5000247121039886,0.41229361558502503,6.92155950429707e-05,0.5000246419698753,,,,,
LSTM_BI,128,1,32,120,20,20,2023-09-12 08:45:23.207485,2023-09-12 08:47:18.853601,115.64611601829529,1.9274352669715882,awake,0.7013912328847537,0.7013868506017024,1.0,0.8244883876393592,6.893507389005293e-05,0.5000245718357619,"[[2 40695]
 [0 95585]]",2.0,40695.0,0.0,95585.0
LSTM_BI,128,1,32,120,20,20,2023-09-12 08:45:23.207485,2023-09-12 08:47:18.853601,115.64611601829529,1.9274352669715882,asleep,0.7030862476335833,1.0,4.942420797706717e-05,9.884353069091628e-05,6.949611619588847e-05,0.5000247121039886,"[[95816 0]
 [40464 2]]",95816.0,0.0,40464.0,2.0
LSTM_BI,128,1,32,120,20,20,2023-09-12 08:45:23.207485,2023-09-12 08:47:18.853601,115.64611601829529,1.9274352669715882,avg,0.7022387402591685,0.8506934253008511,0.5000247121039886,0.41229361558502503,6.92155950429707e-05,0.5000246419698753,,,,,
LSTM_BI,128,1,32,120,20,21,2023-09-12 08:47:19.693320,2023-09-12 08:49:15.916063,116.2227430343628,1.9370457172393798,awake,0.7013912328847537,0.7013868506017024,1.0,0.8244883876393592,6.893507389005293e-05,0.5000245718357619,"[[2 40695]
 [0 95585]]",2.0,40695.0,0.0,95585.0
LSTM_BI,128,1,32,120,20,21,2023-09-12 08:47:19.693320,2023-09-12 08:49:15.916063,116.2227430343628,1.9370457172393798,asleep,0.7030862476335833,1.0,4.942420797706717e-05,9.884353069091628e-05,6.949611619588847e-05,0.5000247121039886,"[[95816 0]
 [40464 2]]",95816.0,0.0,40464.0,2.0
LSTM_BI,128,1,32,120,20,21,2023-09-12 08:47:19.693320,2023-09-12 08:49:15.916063,116.2227430343628,1.9370457172393798,avg,0.7022387402591685,0.8506934253008511,0.5000247121039886,0.41229361558502503,6.92155950429707e-05,0.5000246419698753,,,,,
LSTM_BI,128,1,32,120,20,22,2023-09-12 08:49:16.763780,2023-09-12 08:51:12.793826,116.03004598617554,1.9338340997695922,awake,0.7013912328847537,0.7013868506017024,1.0,0.8244883876393592,6.893507389005293e-05,0.5000245718357619,"[[2 40695]
 [0 95585]]",2.0,40695.0,0.0,95585.0
LSTM_BI,128,1,32,120,20,22,2023-09-12 08:49:16.763780,2023-09-12 08:51:12.793826,116.03004598617554,1.9338340997695922,asleep,0.7030862476335833,1.0,4.942420797706717e-05,9.884353069091628e-05,6.949611619588847e-05,0.5000247121039886,"[[95816 0]
 [40464 2]]",95816.0,0.0,40464.0,2.0
LSTM_BI,128,1,32,120,20,22,2023-09-12 08:49:16.763780,2023-09-12 08:51:12.793826,116.03004598617554,1.9338340997695922,avg,0.7022387402591685,0.8506934253008511,0.5000247121039886,0.41229361558502503,6.92155950429707e-05,0.5000246419698753,,,,,
LSTM_BI,128,1,32,120,20,23,2023-09-12 08:51:13.644782,2023-09-12 08:53:10.122116,116.47733402252197,1.9412889003753662,awake,0.7013912328847537,0.7013868506017024,1.0,0.8244883876393592,6.893507389005293e-05,0.5000245718357619,"[[2 40695]
 [0 95585]]",2.0,40695.0,0.0,95585.0
LSTM_BI,128,1,32,120,20,23,2023-09-12 08:51:13.644782,2023-09-12 08:53:10.122116,116.47733402252197,1.9412889003753662,asleep,0.7030862476335833,1.0,4.942420797706717e-05,9.884353069091628e-05,6.949611619588847e-05,0.5000247121039886,"[[95816 0]
 [40464 2]]",95816.0,0.0,40464.0,2.0
LSTM_BI,128,1,32,120,20,23,2023-09-12 08:51:13.644782,2023-09-12 08:53:10.122116,116.47733402252197,1.9412889003753662,avg,0.7022387402591685,0.8506934253008511,0.5000247121039886,0.41229361558502503,6.92155950429707e-05,0.5000246419698753,,,,,
LSTM_BI,128,1,32,120,20,24,2023-09-12 08:53:10.958226,2023-09-12 08:55:06.703271,115.74504494667053,1.9290840824445088,awake,0.7013838951585682,0.7013817039792781,1.0,0.8244848317562731,3.446787804539664e-05,0.5000122859178809,"[[1 40696]
 [0 95585]]",1.0,40696.0,0.0,95585.0
LSTM_BI,128,1,32,120,20,24,2023-09-12 08:53:10.958226,2023-09-12 08:55:06.703271,115.74504494667053,1.9290840824445088,asleep,0.7030789099073979,1.0,2.4712103988533584e-05,4.942298663108212e-05,3.474840684836167e-05,0.5000123560519942,"[[95816 0]
 [40465 1]]",95816.0,0.0,40465.0,1.0
LSTM_BI,128,1,32,120,20,24,2023-09-12 08:53:10.958226,2023-09-12 08:55:06.703271,115.74504494667053,1.9290840824445088,avg,0.702231402532983,0.850690851989639,0.5000123560519942,0.4122671273714521,3.460814244687915e-05,0.5000123209849376,,,,,
LSTM_BI,128,1,32,120,20,25,2023-09-12 08:55:07.545056,2023-09-12 08:57:04.934315,117.38925886154175,1.9564876476923625,awake,0.7013765574323828,0.7013765574323828,1.0,0.8244812759038587,0.0,0.5,"[[0 40697]
 [0 95585]]",0.0,40697.0,0.0,95585.0
LSTM_BI,128,1,32,120,20,25,2023-09-12 08:55:07.545056,2023-09-12 08:57:04.934315,117.38925886154175,1.9564876476923625,asleep,0.7030715721812125,0.0,0.0,0.0,0.0,0.5,"[[95816 0]
 [40466 0]]",95816.0,0.0,40466.0,0.0
LSTM_BI,128,1,32,120,20,25,2023-09-12 08:55:07.545056,2023-09-12 08:57:04.934315,117.38925886154175,1.9564876476923625,avg,0.7022240648067977,0.3506882787161914,0.5,0.41224063795192933,0.0,0.5,,,,,
LSTM_BI,128,1,32,120,20,26,2023-09-12 08:57:05.761229,2023-09-12 08:59:01.577865,115.81663584709167,1.9302772641181947,awake,0.7013765574323828,0.7013765574323828,1.0,0.8244812759038587,0.0,0.5,"[[0 40697]
 [0 95585]]",0.0,40697.0,0.0,95585.0
LSTM_BI,128,1,32,120,20,26,2023-09-12 08:57:05.761229,2023-09-12 08:59:01.577865,115.81663584709167,1.9302772641181947,asleep,0.7030715721812125,0.0,0.0,0.0,0.0,0.5,"[[95816 0]
 [40466 0]]",95816.0,0.0,40466.0,0.0
LSTM_BI,128,1,32,120,20,26,2023-09-12 08:57:05.761229,2023-09-12 08:59:01.577865,115.81663584709167,1.9302772641181947,avg,0.7022240648067977,0.3506882787161914,0.5,0.41224063795192933,0.0,0.5,,,,,
LSTM_BI,128,1,32,120,20,27,2023-09-12 08:59:02.418855,2023-09-12 09:00:59.651397,117.23254203796387,1.9538757006327312,awake,0.7013765574323828,0.7013765574323828,1.0,0.8244812759038587,0.0,0.5,"[[0 40697]
 [0 95585]]",0.0,40697.0,0.0,95585.0
LSTM_BI,128,1,32,120,20,27,2023-09-12 08:59:02.418855,2023-09-12 09:00:59.651397,117.23254203796387,1.9538757006327312,asleep,0.7030715721812125,0.0,0.0,0.0,0.0,0.5,"[[95816 0]
 [40466 0]]",95816.0,0.0,40466.0,0.0
LSTM_BI,128,1,32,120,20,27,2023-09-12 08:59:02.418855,2023-09-12 09:00:59.651397,117.23254203796387,1.9538757006327312,avg,0.7022240648067977,0.3506882787161914,0.5,0.41224063795192933,0.0,0.5,,,,,
LSTM_BI,128,1,32,120,20,28,2023-09-12 09:01:00.481836,2023-09-12 09:02:56.427234,115.94539785385132,1.9324232975641886,awake,0.7013765574323828,0.7013765574323828,1.0,0.8244812759038587,0.0,0.5,"[[0 40697]
 [0 95585]]",0.0,40697.0,0.0,95585.0
LSTM_BI,128,1,32,120,20,28,2023-09-12 09:01:00.481836,2023-09-12 09:02:56.427234,115.94539785385132,1.9324232975641886,asleep,0.7030715721812125,0.0,0.0,0.0,0.0,0.5,"[[95816 0]
 [40466 0]]",95816.0,0.0,40466.0,0.0
LSTM_BI,128,1,32,120,20,28,2023-09-12 09:01:00.481836,2023-09-12 09:02:56.427234,115.94539785385132,1.9324232975641886,avg,0.7022240648067977,0.3506882787161914,0.5,0.41224063795192933,0.0,0.5,,,,,
LSTM_BI,128,1,32,120,20,29,2023-09-12 09:02:57.259647,2023-09-12 09:04:53.552411,116.29276418685913,1.9382127364476522,awake,0.7013765574323828,0.7013765574323828,1.0,0.8244812759038587,0.0,0.5,"[[0 40697]
 [0 95585]]",0.0,40697.0,0.0,95585.0
LSTM_BI,128,1,32,120,20,29,2023-09-12 09:02:57.259647,2023-09-12 09:04:53.552411,116.29276418685913,1.9382127364476522,asleep,0.7030715721812125,0.0,0.0,0.0,0.0,0.5,"[[95816 0]
 [40466 0]]",95816.0,0.0,40466.0,0.0
LSTM_BI,128,1,32,120,20,29,2023-09-12 09:02:57.259647,2023-09-12 09:04:53.552411,116.29276418685913,1.9382127364476522,avg,0.7022240648067977,0.3506882787161914,0.5,0.41224063795192933,0.0,0.5,,,,,
LSTM_BI,128,1,32,120,20,30,2023-09-12 09:04:54.391994,2023-09-12 09:06:51.928669,117.53667497634888,1.9589445829391479,awake,0.7013765574323828,0.7013765574323828,1.0,0.8244812759038587,0.0,0.5,"[[0 40697]
 [0 95585]]",0.0,40697.0,0.0,95585.0
LSTM_BI,128,1,32,120,20,30,2023-09-12 09:04:54.391994,2023-09-12 09:06:51.928669,117.53667497634888,1.9589445829391479,asleep,0.7030715721812125,0.0,0.0,0.0,0.0,0.5,"[[95816 0]
 [40466 0]]",95816.0,0.0,40466.0,0.0
LSTM_BI,128,1,32,120,20,30,2023-09-12 09:04:54.391994,2023-09-12 09:06:51.928669,117.53667497634888,1.9589445829391479,avg,0.7022240648067977,0.3506882787161914,0.5,0.41224063795192933,0.0,0.5,,,,,
LSTM_BI,128,1,32,120,20,31,2023-09-12 09:06:52.762335,2023-09-12 09:08:48.790429,116.02809405326843,1.933801567554474,awake,0.7013765574323828,0.7013765574323828,1.0,0.8244812759038587,0.0,0.5,"[[0 40697]
 [0 95585]]",0.0,40697.0,0.0,95585.0
LSTM_BI,128,1,32,120,20,31,2023-09-12 09:06:52.762335,2023-09-12 09:08:48.790429,116.02809405326843,1.933801567554474,asleep,0.7030715721812125,0.0,0.0,0.0,0.0,0.5,"[[95816 0]
 [40466 0]]",95816.0,0.0,40466.0,0.0
LSTM_BI,128,1,32,120,20,31,2023-09-12 09:06:52.762335,2023-09-12 09:08:48.790429,116.02809405326843,1.933801567554474,avg,0.7022240648067977,0.3506882787161914,0.5,0.41224063795192933,0.0,0.5,,,,,
LSTM_BI,128,1,32,120,20,32,2023-09-12 09:08:49.645081,2023-09-12 09:10:46.853621,117.20853996276855,1.9534756660461425,awake,0.7013765574323828,0.7013765574323828,1.0,0.8244812759038587,0.0,0.5,"[[0 40697]
 [0 95585]]",0.0,40697.0,0.0,95585.0
LSTM_BI,128,1,32,120,20,32,2023-09-12 09:08:49.645081,2023-09-12 09:10:46.853621,117.20853996276855,1.9534756660461425,asleep,0.7030715721812125,0.0,0.0,0.0,0.0,0.5,"[[95816 0]
 [40466 0]]",95816.0,0.0,40466.0,0.0
LSTM_BI,128,1,32,120,20,32,2023-09-12 09:08:49.645081,2023-09-12 09:10:46.853621,117.20853996276855,1.9534756660461425,avg,0.7022240648067977,0.3506882787161914,0.5,0.41224063795192933,0.0,0.5,,,,,
LSTM_BI,128,1,32,120,20,33,2023-09-12 09:10:47.703062,2023-09-12 09:12:44.783084,117.08002185821533,1.9513336976369222,awake,0.7013765574323828,0.7013765574323828,1.0,0.8244812759038587,0.0,0.5,"[[0 40697]
 [0 95585]]",0.0,40697.0,0.0,95585.0
LSTM_BI,128,1,32,120,20,33,2023-09-12 09:10:47.703062,2023-09-12 09:12:44.783084,117.08002185821533,1.9513336976369222,asleep,0.7030715721812125,0.0,0.0,0.0,0.0,0.5,"[[95816 0]
 [40466 0]]",95816.0,0.0,40466.0,0.0
LSTM_BI,128,1,32,120,20,33,2023-09-12 09:10:47.703062,2023-09-12 09:12:44.783084,117.08002185821533,1.9513336976369222,avg,0.7022240648067977,0.3506882787161914,0.5,0.41224063795192933,0.0,0.5,,,,,
LSTM_BI,128,1,32,120,20,34,2023-09-12 09:12:45.632728,2023-09-12 09:14:41.278868,115.6461398601532,1.9274356643358865,awake,0.7013765574323828,0.7013765574323828,1.0,0.8244812759038587,0.0,0.5,"[[0 40697]
 [0 95585]]",0.0,40697.0,0.0,95585.0
LSTM_BI,128,1,32,120,20,34,2023-09-12 09:12:45.632728,2023-09-12 09:14:41.278868,115.6461398601532,1.9274356643358865,asleep,0.7030715721812125,0.0,0.0,0.0,0.0,0.5,"[[95816 0]
 [40466 0]]",95816.0,0.0,40466.0,0.0
LSTM_BI,128,1,32,120,20,34,2023-09-12 09:12:45.632728,2023-09-12 09:14:41.278868,115.6461398601532,1.9274356643358865,avg,0.7022240648067977,0.3506882787161914,0.5,0.41224063795192933,0.0,0.5,,,,,
LSTM_BI,128,1,32,120,20,35,2023-09-12 09:14:42.133680,2023-09-12 09:16:40.789321,118.6556408405304,1.97759401400884,awake,0.7013838951585682,0.7013817039792781,1.0,0.8244848317562731,3.446787804539664e-05,0.5000122859178809,"[[1 40696]
 [0 95585]]",1.0,40696.0,0.0,95585.0
LSTM_BI,128,1,32,120,20,35,2023-09-12 09:14:42.133680,2023-09-12 09:16:40.789321,118.6556408405304,1.97759401400884,asleep,0.7030789099073979,1.0,2.4712103988533584e-05,4.942298663108212e-05,3.474840684836167e-05,0.5000123560519942,"[[95816 0]
 [40465 1]]",95816.0,0.0,40465.0,1.0
LSTM_BI,128,1,32,120,20,35,2023-09-12 09:14:42.133680,2023-09-12 09:16:40.789321,118.6556408405304,1.97759401400884,avg,0.702231402532983,0.850690851989639,0.5000123560519942,0.4122671273714521,3.460814244687915e-05,0.5000123209849376,,,,,
LSTM_BI,128,1,32,120,20,36,2023-09-12 09:16:41.634025,2023-09-12 09:18:38.127923,116.49389791488647,1.941564965248108,awake,0.7013912328847537,0.7013868506017024,1.0,0.8244883876393592,6.893507389005293e-05,0.5000245718357619,"[[2 40695]
 [0 95585]]",2.0,40695.0,0.0,95585.0
LSTM_BI,128,1,32,120,20,36,2023-09-12 09:16:41.634025,2023-09-12 09:18:38.127923,116.49389791488647,1.941564965248108,asleep,0.7030862476335833,1.0,4.942420797706717e-05,9.884353069091628e-05,6.949611619588847e-05,0.5000247121039886,"[[95816 0]
 [40464 2]]",95816.0,0.0,40464.0,2.0
LSTM_BI,128,1,32,120,20,36,2023-09-12 09:16:41.634025,2023-09-12 09:18:38.127923,116.49389791488647,1.941564965248108,avg,0.7022387402591685,0.8506934253008511,0.5000247121039886,0.41229361558502503,6.92155950429707e-05,0.5000246419698753,,,,,
LSTM_BI,128,1,32,120,20,37,2023-09-12 09:18:38.982875,2023-09-12 09:20:35.559194,116.5763189792633,1.9429386496543883,awake,0.7013912328847537,0.7013868506017024,1.0,0.8244883876393592,6.893507389005293e-05,0.5000245718357619,"[[2 40695]
 [0 95585]]",2.0,40695.0,0.0,95585.0
LSTM_BI,128,1,32,120,20,37,2023-09-12 09:18:38.982875,2023-09-12 09:20:35.559194,116.5763189792633,1.9429386496543883,asleep,0.7030862476335833,1.0,4.942420797706717e-05,9.884353069091628e-05,6.949611619588847e-05,0.5000247121039886,"[[95816 0]
 [40464 2]]",95816.0,0.0,40464.0,2.0
LSTM_BI,128,1,32,120,20,37,2023-09-12 09:18:38.982875,2023-09-12 09:20:35.559194,116.5763189792633,1.9429386496543883,avg,0.7022387402591685,0.8506934253008511,0.5000247121039886,0.41229361558502503,6.92155950429707e-05,0.5000246419698753,,,,,
LSTM_BI,128,1,32,120,20,38,2023-09-12 09:20:36.410935,2023-09-12 09:22:33.482646,117.07171106338501,1.9511951843897501,awake,0.7013912328847537,0.7013868506017024,1.0,0.8244883876393592,6.893507389005293e-05,0.5000245718357619,"[[2 40695]
 [0 95585]]",2.0,40695.0,0.0,95585.0
LSTM_BI,128,1,32,120,20,38,2023-09-12 09:20:36.410935,2023-09-12 09:22:33.482646,117.07171106338501,1.9511951843897501,asleep,0.7030862476335833,1.0,4.942420797706717e-05,9.884353069091628e-05,6.949611619588847e-05,0.5000247121039886,"[[95816 0]
 [40464 2]]",95816.0,0.0,40464.0,2.0
LSTM_BI,128,1,32,120,20,38,2023-09-12 09:20:36.410935,2023-09-12 09:22:33.482646,117.07171106338501,1.9511951843897501,avg,0.7022387402591685,0.8506934253008511,0.5000247121039886,0.41229361558502503,6.92155950429707e-05,0.5000246419698753,,,,,
LSTM_BI,128,1,32,120,20,39,2023-09-12 09:22:34.322661,2023-09-12 09:24:30.534148,116.21148705482483,1.9368581175804138,awake,0.7013912328847537,0.7013868506017024,1.0,0.8244883876393592,6.893507389005293e-05,0.5000245718357619,"[[2 40695]
 [0 95585]]",2.0,40695.0,0.0,95585.0
LSTM_BI,128,1,32,120,20,39,2023-09-12 09:22:34.322661,2023-09-12 09:24:30.534148,116.21148705482483,1.9368581175804138,asleep,0.7030862476335833,1.0,4.942420797706717e-05,9.884353069091628e-05,6.949611619588847e-05,0.5000247121039886,"[[95816 0]
 [40464 2]]",95816.0,0.0,40464.0,2.0
LSTM_BI,128,1,32,120,20,39,2023-09-12 09:22:34.322661,2023-09-12 09:24:30.534148,116.21148705482483,1.9368581175804138,avg,0.7022387402591685,0.8506934253008511,0.5000247121039886,0.41229361558502503,6.92155950429707e-05,0.5000246419698753,,,,,
LSTM_BI,128,1,32,120,20,40,2023-09-12 09:24:31.392376,2023-09-12 09:26:29.466599,118.07422304153442,1.9679037173589071,awake,0.7013912328847537,0.7013868506017024,1.0,0.8244883876393592,6.893507389005293e-05,0.5000245718357619,"[[2 40695]
 [0 95585]]",2.0,40695.0,0.0,95585.0
LSTM_BI,128,1,32,120,20,40,2023-09-12 09:24:31.392376,2023-09-12 09:26:29.466599,118.07422304153442,1.9679037173589071,asleep,0.7030862476335833,1.0,4.942420797706717e-05,9.884353069091628e-05,6.949611619588847e-05,0.5000247121039886,"[[95816 0]
 [40464 2]]",95816.0,0.0,40464.0,2.0
LSTM_BI,128,1,32,120,20,40,2023-09-12 09:24:31.392376,2023-09-12 09:26:29.466599,118.07422304153442,1.9679037173589071,avg,0.7022387402591685,0.8506934253008511,0.5000247121039886,0.41229361558502503,6.92155950429707e-05,0.5000246419698753,,,,,
LSTM_BI,128,1,32,120,20,41,2023-09-12 09:26:30.315804,2023-09-12 09:28:27.173558,116.85775399208069,1.9476292332013447,awake,0.7013912328847537,0.7013868506017024,1.0,0.8244883876393592,6.893507389005293e-05,0.5000245718357619,"[[2 40695]
 [0 95585]]",2.0,40695.0,0.0,95585.0
LSTM_BI,128,1,32,120,20,41,2023-09-12 09:26:30.315804,2023-09-12 09:28:27.173558,116.85775399208069,1.9476292332013447,asleep,0.7030862476335833,1.0,4.942420797706717e-05,9.884353069091628e-05,6.949611619588847e-05,0.5000247121039886,"[[95816 0]
 [40464 2]]",95816.0,0.0,40464.0,2.0
LSTM_BI,128,1,32,120,20,41,2023-09-12 09:26:30.315804,2023-09-12 09:28:27.173558,116.85775399208069,1.9476292332013447,avg,0.7022387402591685,0.8506934253008511,0.5000247121039886,0.41229361558502503,6.92155950429707e-05,0.5000246419698753,,,,,
LSTM_BI,128,1,32,120,20,42,2023-09-12 09:28:28.032884,2023-09-12 09:30:25.811640,117.7787561416626,1.96297926902771,awake,0.7013912328847537,0.7013868506017024,1.0,0.8244883876393592,6.893507389005293e-05,0.5000245718357619,"[[2 40695]
 [0 95585]]",2.0,40695.0,0.0,95585.0
LSTM_BI,128,1,32,120,20,42,2023-09-12 09:28:28.032884,2023-09-12 09:30:25.811640,117.7787561416626,1.96297926902771,asleep,0.7030862476335833,1.0,4.942420797706717e-05,9.884353069091628e-05,6.949611619588847e-05,0.5000247121039886,"[[95816 0]
 [40464 2]]",95816.0,0.0,40464.0,2.0
LSTM_BI,128,1,32,120,20,42,2023-09-12 09:28:28.032884,2023-09-12 09:30:25.811640,117.7787561416626,1.96297926902771,avg,0.7022387402591685,0.8506934253008511,0.5000247121039886,0.41229361558502503,6.92155950429707e-05,0.5000246419698753,,,,,
LSTM_BI,128,1,32,120,20,43,2023-09-12 09:30:26.661487,2023-09-12 09:32:23.906712,117.24522495269775,1.9540870825449626,awake,0.7013912328847537,0.7013868506017024,1.0,0.8244883876393592,6.893507389005293e-05,0.5000245718357619,"[[2 40695]
 [0 95585]]",2.0,40695.0,0.0,95585.0
LSTM_BI,128,1,32,120,20,43,2023-09-12 09:30:26.661487,2023-09-12 09:32:23.906712,117.24522495269775,1.9540870825449626,asleep,0.7030862476335833,1.0,4.942420797706717e-05,9.884353069091628e-05,6.949611619588847e-05,0.5000247121039886,"[[95816 0]
 [40464 2]]",95816.0,0.0,40464.0,2.0
LSTM_BI,128,1,32,120,20,43,2023-09-12 09:30:26.661487,2023-09-12 09:32:23.906712,117.24522495269775,1.9540870825449626,avg,0.7022387402591685,0.8506934253008511,0.5000247121039886,0.41229361558502503,6.92155950429707e-05,0.5000246419698753,,,,,
LSTM_BI,128,1,32,120,20,44,2023-09-12 09:32:24.759087,2023-09-12 09:34:20.936465,116.17737793922424,1.936289632320404,awake,0.7013912328847537,0.7013868506017024,1.0,0.8244883876393592,6.893507389005293e-05,0.5000245718357619,"[[2 40695]
 [0 95585]]",2.0,40695.0,0.0,95585.0
LSTM_BI,128,1,32,120,20,44,2023-09-12 09:32:24.759087,2023-09-12 09:34:20.936465,116.17737793922424,1.936289632320404,asleep,0.7030862476335833,1.0,4.942420797706717e-05,9.884353069091628e-05,6.949611619588847e-05,0.5000247121039886,"[[95816 0]
 [40464 2]]",95816.0,0.0,40464.0,2.0
LSTM_BI,128,1,32,120,20,44,2023-09-12 09:32:24.759087,2023-09-12 09:34:20.936465,116.17737793922424,1.936289632320404,avg,0.7022387402591685,0.8506934253008511,0.5000247121039886,0.41229361558502503,6.92155950429707e-05,0.5000246419698753,,,,,
LSTM_BI,128,1,32,120,20,45,2023-09-12 09:34:21.765916,2023-09-12 09:36:17.711859,115.94594287872314,1.9324323813120523,awake,0.7014132460633099,0.7014022909221659,1.0,0.8244990554726519,0.00017233256841875377,0.5000614295894046,"[[5 40692]
 [0 95585]]",5.0,40692.0,0.0,95585.0
LSTM_BI,128,1,32,120,20,45,2023-09-12 09:34:21.765916,2023-09-12 09:36:17.711859,115.94594287872314,1.9324323813120523,asleep,0.7031082608121395,1.0,0.00012356051994266793,0.00024709050925353956,0.0001737350594397391,0.5000617802599714,"[[95816 0]
 [40461 5]]",95816.0,0.0,40461.0,5.0
LSTM_BI,128,1,32,120,20,45,2023-09-12 09:34:21.765916,2023-09-12 09:36:17.711859,115.94594287872314,1.9324323813120523,avg,0.7022607534377248,0.8507011454610829,0.5000617802599714,0.4123730729909527,0.00017303381392924644,0.500061604924688,,,,,
LSTM_BI,128,1,32,120,20,46,2023-09-12 09:36:18.553385,2023-09-12 09:38:16.630997,118.07761192321777,1.9679601987202961,awake,0.7014352592418661,0.7014177319224504,1.0,0.8245097235820046,0.00027572392386565614,0.5000982873430474,"[[8 40689]
 [0 95585]]",8.0,40689.0,0.0,95585.0
LSTM_BI,128,1,32,120,20,46,2023-09-12 09:36:18.553385,2023-09-12 09:38:16.630997,118.07761192321777,1.9679601987202961,asleep,0.7031302739906957,1.0,0.00019769683190826867,0.0003953155111923705,0.000277967725928141,0.5000988484159541,"[[95816 0]
 [40458 8]]",95816.0,0.0,40458.0,8.0
LSTM_BI,128,1,32,120,20,46,2023-09-12 09:36:18.553385,2023-09-12 09:38:16.630997,118.07761192321777,1.9679601987202961,avg,0.702282766616281,0.8507088659612252,0.5000988484159541,0.41245251954659845,0.0002768458248968986,0.5000985678795007,,,,,
LSTM_BI,128,1,32,120,20,47,2023-09-12 09:38:17.468841,2023-09-12 09:40:14.970023,117.5011818408966,1.9583530306816102,awake,0.7014352592418661,0.7014206880356934,0.9999895381074436,0.8245082098017313,0.00029550927527421944,0.5001053423146502,"[[9 40688]
 [1 95584]]",9.0,40688.0,1.0,95584.0
LSTM_BI,128,1,32,120,20,47,2023-09-12 09:38:17.468841,2023-09-12 09:40:14.970023,117.5011818408966,1.9583530306816102,asleep,0.7031302739906957,0.9,0.00022240893589680225,0.0004447079750963534,0.00029803343550782735,0.5001059861328061,"[[95815 1]
 [40457 9]]",95815.0,1.0,40457.0,9.0
LSTM_BI,128,1,32,120,20,47,2023-09-12 09:38:17.468841,2023-09-12 09:40:14.970023,117.5011818408966,1.9583530306816102,avg,0.702282766616281,0.8007103440178467,0.5001059735216702,0.41247645888841383,0.0002967713553910234,0.5001056642237282,,,,,
LSTM_BI,128,1,32,120,20,48,2023-09-12 09:40:15.819423,2023-09-12 09:42:13.412858,117.593435049057,1.9598905841509502,awake,0.7014425969680516,0.7014317479653914,0.9999686143223309,0.8245087383330746,0.0003695374164630616,0.5001317381757365,"[[12 40685]
 [3 95582]]",12.0,40685.0,3.0,95582.0
LSTM_BI,128,1,32,120,20,48,2023-09-12 09:40:15.819423,2023-09-12 09:42:13.412858,117.593435049057,1.9598905841509502,asleep,0.7031376117168812,0.8,0.000296545247862403,0.0005928707294780267,0.00037290256976463265,0.5001326176185041,"[[95813 3]
 [40454 12]]",95813.0,3.0,40454.0,12.0
LSTM_BI,128,1,32,120,20,48,2023-09-12 09:40:15.819423,2023-09-12 09:42:13.412858,117.593435049057,1.9598905841509502,avg,0.7022901043424663,0.7507158739826958,0.5001325797850966,0.4125508045312763,0.0003712199931138471,0.5001321778971204,,,,,
LSTM_BI,128,1,32,120,20,49,2023-09-12 09:42:14.246461,2023-09-12 09:44:12.152288,117.90582704544067,1.9650971174240113,awake,0.7014425969680516,0.7014376609938134,0.9999476905372182,0.8245057106380043,0.0004091008825218845,0.500145848118942,"[[14 40683]
 [5 95580]]",14.0,40683.0,5.0,95580.0
LSTM_BI,128,1,32,120,20,49,2023-09-12 09:42:14.246461,2023-09-12 09:44:12.152288,117.90582704544067,1.9650971174240113,asleep,0.7031376117168812,0.7368421052631579,0.0003459694558394702,0.0006916141780906509,0.00041302655396424637,0.5001468930522079,"[[95811 5]
 [40452 14]]",95811.0,5.0,40452.0,14.0
LSTM_BI,128,1,32,120,20,49,2023-09-12 09:42:14.246461,2023-09-12 09:44:12.152288,117.90582704544067,1.9650971174240113,avg,0.7022901043424663,0.7191398831284856,0.5001468299965288,0.41259866240804743,0.0004110637182430654,0.500146370585575,,,,,
LSTM_BI,128,1,32,120,20,50,2023-09-12 09:44:12.978843,2023-09-12 09:46:10.221870,117.24302697181702,1.9540504495302835,awake,0.7014425969680516,0.7014376609938134,0.9999476905372182,0.8245057106380043,0.0004091008825218845,0.500145848118942,"[[14 40683]
 [5 95580]]",14.0,40683.0,5.0,95580.0
LSTM_BI,128,1,32,120,20,50,2023-09-12 09:44:12.978843,2023-09-12 09:46:10.221870,117.24302697181702,1.9540504495302835,asleep,0.7031376117168812,0.7368421052631579,0.0003459694558394702,0.0006916141780906509,0.00041302655396424637,0.5001468930522079,"[[95811 5]
 [40452 14]]",95811.0,5.0,40452.0,14.0
LSTM_BI,128,1,32,120,20,50,2023-09-12 09:44:12.978843,2023-09-12 09:46:10.221870,117.24302697181702,1.9540504495302835,avg,0.7022901043424663,0.7191398831284856,0.5001468299965288,0.41259866240804743,0.0004110637182430654,0.500146370585575,,,,,
LSTM_BI,128,1,32,120,20,51,2023-09-12 09:46:11.087199,2023-09-12 09:48:08.713926,117.62672710418701,1.9604454517364502,awake,0.7014646101466078,0.7014590183184594,0.9999267667521055,0.8245133518230167,0.0005520259577355136,0.5001968158157903,"[[19 40678]
 [7 95578]]",19.0,40678.0,7.0,95578.0
LSTM_BI,128,1,32,120,20,51,2023-09-12 09:46:11.087199,2023-09-12 09:48:08.713926,117.62672710418701,1.9604454517364502,asleep,0.7031596248954374,0.7307692307692307,0.0004695299757821381,0.0009384569791563767,0.0005573527470839057,0.5001982366418946,"[[95809 7]
 [40447 19]]",95809.0,7.0,40447.0,19.0
LSTM_BI,128,1,32,120,20,51,2023-09-12 09:46:11.087199,2023-09-12 09:48:08.713926,117.62672710418701,1.9604454517364502,avg,0.7023121175210225,0.716114124543845,0.5001981483639438,0.41272590440108653,0.0005546893524097096,0.5001975262288425,,,,,
LSTM_BI,128,1,32,120,20,52,2023-09-12 09:48:09.559526,2023-09-12 09:50:07.475280,117.91575407981873,1.9652625679969788,awake,0.7015086365037202,0.7014899082568807,0.9999267667521055,0.8245346906204845,0.0007587370321443521,0.5002705313230759,"[[25 40672]
 [7 95578]]",25.0,40672.0,7.0,95578.0
LSTM_BI,128,1,32,120,20,52,2023-09-12 09:48:09.559526,2023-09-12 09:50:07.475280,117.91575407981873,1.9652625679969788,asleep,0.7032036512525499,0.78125,0.0006178025997133396,0.0012346288705615094,0.0007657447871234346,0.5002723729538603,"[[95809 7]
 [40441 25]]",95809.0,7.0,40441.0,25.0
LSTM_BI,128,1,32,120,20,52,2023-09-12 09:48:09.559526,2023-09-12 09:50:07.475280,117.91575407981873,1.9652625679969788,avg,0.702356143878135,0.7413699541284404,0.5002722846759095,0.41288465974552296,0.0007622409096338933,0.5002714521384681,,,,,
LSTM_BI,128,1,32,120,20,53,2023-09-12 09:50:08.322860,2023-09-12 09:52:05.019044,116.69618391990662,1.9449363986651103,awake,0.7015820137655743,0.7015502737936198,0.9998953810744363,0.8245657172190373,0.001162485592751672,0.5004145554166933,"[[38 40659]
 [10 95575]]",38.0,40659.0,10.0,95575.0
LSTM_BI,128,1,32,120,20,53,2023-09-12 09:50:08.322860,2023-09-12 09:52:05.019044,116.69618391990662,1.9449363986651103,asleep,0.703277028514404,0.7916666666666666,0.0009390599515642762,0.0018758947524312583,0.0011731330216121494,0.5004173466243585,"[[95806 10]
 [40428 38]]",95806.0,10.0,40428.0,38.0
LSTM_BI,128,1,32,120,20,53,2023-09-12 09:50:08.322860,2023-09-12 09:52:05.019044,116.69618391990662,1.9449363986651103,avg,0.7024295211399891,0.7466084702301432,0.5004172205130003,0.41322080598573424,0.0011678093071819107,0.5004159510205259,,,,,
LSTM_BI,128,1,32,120,20,54,2023-09-12 09:52:05.868376,2023-09-12 09:54:03.667796,117.79941987991333,1.9633236646652221,awake,0.7016260401226868,0.7015959711638696,0.9998430716116545,0.8245794920686962,0.00146788124313324,0.5005235457819925,"[[49 40648]
 [15 95570]]",49.0,40648.0,15.0,95570.0
LSTM_BI,128,1,32,120,20,54,2023-09-12 09:52:05.868376,2023-09-12 09:54:03.667796,117.79941987991333,1.9633236646652221,asleep,0.7033210548715164,0.765625,0.0012108930954381457,0.0024179620034542318,0.0014816055361933644,0.5005271715205838,"[[95801 15]
 [40417 49]]",95801.0,15.0,40417.0,49.0
LSTM_BI,128,1,32,120,20,54,2023-09-12 09:52:05.868376,2023-09-12 09:54:03.667796,117.79941987991333,1.9633236646652221,avg,0.7024735474971016,0.7336104855819348,0.5005269823535463,0.4134987270360752,0.0014747433896633022,0.5005253586512881,,,,,
LSTM_BI,128,1,32,120,20,55,2023-09-12 09:54:04.521599,2023-09-12 09:56:01.549818,117.02821898460388,1.9504703164100647,awake,0.7016920796583554,0.7016600953031271,0.9997803002563164,0.8246024281436868,0.0018961864679944984,0.5006764488725374,"[[64 40633]
 [21 95564]]",64.0,40633.0,21.0,95564.0
LSTM_BI,128,1,32,120,20,55,2023-09-12 09:54:04.521599,2023-09-12 09:56:01.549818,117.02821898460388,1.9504703164100647,asleep,0.703387094407185,0.7529411764705882,0.0015815746552661494,0.0031565189514438604,0.0019141029083681316,0.5006812022896436,"[[95795 21]
 [40402 64]]",95795.0,21.0,40402.0,64.0
LSTM_BI,128,1,32,120,20,55,2023-09-12 09:54:04.521599,2023-09-12 09:56:01.549818,117.02821898460388,1.9504703164100647,avg,0.7025395870327702,0.7273006358868577,0.5006809374557912,0.4138794735475653,0.001905144688181315,0.5006788255810906,,,,,
LSTM_BI,128,1,32,120,20,56,2023-09-12 09:56:02.409418,2023-09-12 09:57:59.787630,117.37821197509766,1.9563035329182943,awake,0.7021543564080363,0.7020055833088451,0.9997070670084218,0.8248160376340606,0.0042010934478128314,0.5014998465002549,"[[134 40563]
 [28 95557]]",134.0,40563.0,28.0,95557.0
LSTM_BI,128,1,32,120,20,56,2023-09-12 09:56:02.409418,2023-09-12 09:57:59.787630,117.37821197509766,1.9563035329182943,asleep,0.7038493711568659,0.8271604938271605,0.0033114219344635002,0.00659643595549867,0.004238529001343139,0.5015095975832458,"[[95788 28]
 [40332 134]]",95788.0,28.0,40332.0,134.0
LSTM_BI,128,1,32,120,20,56,2023-09-12 09:56:02.409418,2023-09-12 09:57:59.787630,117.37821197509766,1.9563035329182943,avg,0.7030018637824511,0.7645830385680028,0.5015092444714426,0.41570623679477964,0.004219811224577985,0.5015047220417503,,,,,
LSTM_BI,128,1,32,120,20,57,2023-09-12 09:58:00.628847,2023-09-12 09:59:59.765336,119.13648915290833,1.9856081525484721,awake,0.703188975800179,0.7027484205958712,0.99965475754564,0.8253107266555534,0.009138504296081207,0.503267435779479,"[[280 40417]
 [33 95552]]",280.0,40417.0,33.0,95552.0
LSTM_BI,128,1,32,120,20,57,2023-09-12 09:58:00.628847,2023-09-12 09:59:59.765336,119.13648915290833,1.9856081525484721,asleep,0.7048839905490086,0.8945686900958466,0.006919389116789403,0.01373255842467937,0.009216408552506272,0.503287489498697,"[[95783 33]
 [40186 280]]",95783.0,33.0,40186.0,280.0
LSTM_BI,128,1,32,120,20,57,2023-09-12 09:58:00.628847,2023-09-12 09:59:59.765336,119.13648915290833,1.9856081525484721,avg,0.7040364831745938,0.798658555345859,0.5032870733312147,0.41952164254011637,0.00917745642429374,0.5032774626390879,,,,,
LSTM_BI,128,1,32,120,20,58,2023-09-12 10:00:00.607572,2023-09-12 10:01:59.253835,118.64626288414001,1.977437714735667,awake,0.704084178394799,0.7034334479534058,0.9994664434796254,0.8257186813946654,0.013664511001389545,0.5048933072498012,"[[420 40277]
 [51 95534]]",420.0,40277.0,51.0,95534.0
LSTM_BI,128,1,32,120,20,58,2023-09-12 10:00:00.607572,2023-09-12 10:01:59.253835,118.64626288414001,1.977437714735667,asleep,0.7057791931436287,0.89171974522293,0.010379083675184106,0.02051933458729267,0.013780883424605261,0.5049234067453319,"[[95765 51]
 [40046 420]]",95765.0,51.0,40046.0,420.0
LSTM_BI,128,1,32,120,20,58,2023-09-12 10:00:00.607572,2023-09-12 10:01:59.253835,118.64626288414001,1.977437714735667,avg,0.7049316857692138,0.7975765965881678,0.5049227635774047,0.42311900799097907,0.013722697212997403,0.5049083569975665,,,,,
LSTM_BI,128,1,32,120,20,59,2023-09-12 10:02:00.087377,2023-09-12 10:03:58.807994,118.72061681747437,1.9786769469579062,awake,0.7051187977869418,0.7042096726629313,0.99930951509128,0.8261995891447724,0.018765885730871568,0.5067314462450527,"[[576 40121]
 [66 95519]]",576.0,40121.0,66.0,95519.0
LSTM_BI,128,1,32,120,20,59,2023-09-12 10:02:00.087377,2023-09-12 10:03:58.807994,118.72061681747437,1.9786769469579062,asleep,0.7067991370834006,0.8956386292834891,0.014209459793406811,0.02797509000681133,0.01887565331992047,0.5067551014421656,"[[95749 67]
 [39891 575]]",95749.0,67.0,39891.0,575.0
LSTM_BI,128,1,32,120,20,59,2023-09-12 10:02:00.087377,2023-09-12 10:03:58.807994,118.72061681747437,1.9786769469579062,avg,0.7059589674351712,0.7999241509732102,0.5067594874423433,0.42708733957579187,0.01882076952539602,0.5067432738436092,,,,,
LSTM_BI,128,1,32,120,20,60,2023-09-12 10:03:59.650843,2023-09-12 10:05:58.671512,119.02066898345947,1.9836778163909912,awake,0.7066523825596924,0.705423836509121,0.9988701156039127,0.8268841044116884,0.0266734557374243,0.5095955118894812,"[[827 39870]
 [108 95477]]",827.0,39870.0,108.0,95477.0
LSTM_BI,128,1,32,120,20,60,2023-09-12 10:03:59.650843,2023-09-12 10:05:58.671512,119.02066898345947,1.9836778163909912,asleep,0.7083327218561513,0.8834224598930481,0.02041219789452874,0.039902417815994774,0.026850872009469895,0.5096373004167475,"[[95707 109]
 [39640 826]]",95707.0,109.0,39640.0,826.0
LSTM_BI,128,1,32,120,20,60,2023-09-12 10:03:59.650843,2023-09-12 10:05:58.671512,119.02066898345947,1.9836778163909912,avg,0.7074925522079218,0.7944231482010846,0.5096411567492207,0.4333932611138416,0.026762163873447098,0.5096164061531143,,,,,
LSTM_BI,128,1,32,120,20,61,2023-09-12 10:05:59.529744,2023-09-12 10:07:58.416248,118.88650417327881,1.9814417362213135,awake,0.7086409063559385,0.7069770198390944,0.9983993304388764,0.8277884035720017,0.036681365615764294,0.5132424693573353,"[[1143 39554]
 [153 95432]]",1143.0,39554.0,153.0,95432.0
LSTM_BI,128,1,32,120,20,61,2023-09-12 10:05:59.529744,2023-09-12 10:07:58.416248,118.88650417327881,1.9814417362213135,asleep,0.7103212456523972,0.8811728395061729,0.028221222754905354,0.05469086729562761,0.03694252926941277,0.5133069877655299,"[[95662 154]
 [39324 1142]]",95662.0,154.0,39324.0,1142.0
LSTM_BI,128,1,32,120,20,61,2023-09-12 10:05:59.529744,2023-09-12 10:07:58.416248,118.88650417327881,1.9814417362213135,avg,0.7094810760041679,0.7940749296726337,0.5133102765968909,0.4412396354338146,0.03681194744258853,0.5132747285614325,,,,,
LSTM_BI,128,1,32,120,20,62,2023-09-12 10:07:59.268543,2023-09-12 10:09:57.542574,118.27403092384338,1.971233848730723,awake,0.7099323461645706,0.7081006831006831,0.9977193074227128,0.8283238876946127,0.043810199516324144,0.5158633640585564,"[[1384 39313]
 [218 95367]]",1384.0,39313.0,218.0,95367.0
LSTM_BI,128,1,32,120,20,62,2023-09-12 10:07:59.268543,2023-09-12 10:09:57.542574,118.27403092384338,1.971233848730723,asleep,0.7116126854610293,0.8632958801498127,0.034176839816141946,0.06575068936008367,0.044133987094574945,0.515945604511895,"[[95597 219]
 [39083 1383]]",95597.0,219.0,39083.0,1383.0
LSTM_BI,128,1,32,120,20,62,2023-09-12 10:07:59.268543,2023-09-12 10:09:57.542574,118.27403092384338,1.971233848730723,avg,0.7107725158128,0.7856982816252479,0.5159480736194273,0.4470372885273482,0.043972093305449544,0.5159044842852256,,,,,
LSTM_BI,128,1,32,120,20,63,2023-09-12 10:09:58.389806,2023-09-12 10:11:56.744251,118.35444498062134,1.9725740830103555,awake,0.7108202110330051,0.7090730443714969,0.9965894230266256,0.8285985177968757,0.049856342310899304,0.5181118970552446,"[[1613 39084]
 [326 95259]]",1613.0,39084.0,326.0,95259.0
LSTM_BI,128,1,32,120,20,63,2023-09-12 10:09:58.389806,2023-09-12 10:11:56.744251,118.35444498062134,1.9725740830103555,asleep,0.7124858748770931,0.8308406395048994,0.039811199525527606,0.07598160594269543,0.050189946959109166,0.518193985836071,"[[95488 328]
 [38855 1611]]",95488.0,328.0,38855.0,1611.0
LSTM_BI,128,1,32,120,20,63,2023-09-12 10:09:58.389806,2023-09-12 10:11:56.744251,118.35444498062134,1.9725740830103555,avg,0.7116530429550492,0.7699568419381981,0.5182003112760766,0.45229006186978554,0.050023144635004235,0.5181529414456578,,,,,
LSTM_BI,128,1,32,120,20,64,2023-09-12 10:11:57.585850,2023-09-12 10:13:54.845013,117.25916290283203,1.954319381713867,awake,0.711678724996698,0.7100824028184153,0.99528168645708,0.8288341660822178,0.0560410024249649,0.5204312208976557,"[[1855 38842]
 [451 95134]]",1855.0,38842.0,451.0,95134.0
LSTM_BI,128,1,32,120,20,64,2023-09-12 10:11:57.585850,2023-09-12 10:13:54.845013,117.25916290283203,1.954319381713867,asleep,0.7133150379360443,0.8026886383347789,0.045742104482775665,0.08655194987374917,0.05633868407524745,0.5204967097516158,"[[95361 455]
 [38615 1851]]",95361.0,455.0,38615.0,1851.0
LSTM_BI,128,1,32,120,20,64,2023-09-12 10:11:57.585850,2023-09-12 10:13:54.845013,117.25916290283203,1.954319381713867,avg,0.7124968814663712,0.756385520576597,0.5205118954699278,0.4576930579779835,0.056189843250106175,0.5204639653246357,,,,,
LSTM_BI,128,1,32,120,20,65,2023-09-12 10:13:55.705383,2023-09-12 10:15:53.702982,117.99759888648987,1.9666266481081645,awake,0.7124785371509077,0.7110389367418262,0.9940262593503165,0.8290490899254838,0.06182757226207669,0.5226169825390058,"[[2084 38613]
 [571 95014]]",2084.0,38613.0,571.0,95014.0
LSTM_BI,128,1,32,120,20,65,2023-09-12 10:13:55.705383,2023-09-12 10:15:53.702982,117.99759888648987,1.9666266481081645,asleep,0.7141001746378832,0.7830508474576271,0.05137646419216132,0.09642633519630806,0.06213390101513949,0.5226824710540834,"[[95240 576]
 [38387 2079]]",95240.0,576.0,38387.0,2079.0
LSTM_BI,128,1,32,120,20,65,2023-09-12 10:13:55.705383,2023-09-12 10:15:53.702982,117.99759888648987,1.9666266481081645,avg,0.7132893558943955,0.7470448920997266,0.5227013617712389,0.4627377125608959,0.06198073663860809,0.5226497267965446,,,,,
LSTM_BI,128,1,32,120,20,66,2023-09-12 10:15:54.560562,2023-09-12 10:17:50.981089,116.42052721977234,1.940342120329539,awake,0.7134691301859379,0.7119644276480557,0.9933462363341529,0.8294408749623274,0.06744289777894352,0.5247341546071088,"[[2284 38413]
 [636 94949]]",2284.0,38413.0,636.0,94949.0
LSTM_BI,128,1,32,120,20,66,2023-09-12 10:15:54.560562,2023-09-12 10:17:50.981089,116.42052721977234,1.940342120329539,asleep,0.7150907676729135,0.7804794520547945,0.056318884989868034,0.10505693080717281,0.06779847753518609,0.5248144896686838,"[[95175 641]
 [38187 2279]]",95175.0,641.0,38187.0,2279.0
LSTM_BI,128,1,32,120,20,66,2023-09-12 10:15:54.560562,2023-09-12 10:17:50.981089,116.42052721977234,1.940342120329539,avg,0.7142799489294257,0.7462219398514252,0.5248325606620104,0.46724890288475013,0.0676206876570648,0.5247743221378963,,,,,
LSTM_BI,128,1,32,120,20,67,2023-09-12 10:17:51.830878,2023-09-12 10:19:48.136026,116.30514788627625,1.9384191314379373,awake,0.7144523854947828,0.7128146968695548,0.9929068368467856,0.8298641623930503,0.07258766333352551,0.5266767764104681,"[[2460 38237]
 [678 94907]]",2460.0,38237.0,678.0,94907.0
LSTM_BI,128,1,32,120,20,67,2023-09-12 10:17:51.830878,2023-09-12 10:19:48.136026,116.30514788627625,1.9384191314379373,asleep,0.7160740229817584,0.7823454429572977,0.06066821529184995,0.1126043482249335,0.0729861609717638,0.5267699847436956,"[[95133 683]
 [38011 2455]]",95133.0,683.0,38011.0,2455.0
LSTM_BI,128,1,32,120,20,67,2023-09-12 10:17:51.830878,2023-09-12 10:19:48.136026,116.30514788627625,1.9384191314379373,avg,0.7152632042382706,0.7475800699134263,0.5267875260693178,0.4712342553089919,0.07278691215264466,0.5267233805770819,,,,,
LSTM_BI,128,1,32,120,20,68,2023-09-12 10:19:48.980874,2023-09-12 10:21:46.474933,117.49405884742737,1.9582343141237895,awake,0.7155236935178527,0.713741836458302,0.9924360516817492,0.8303274060912151,0.07815526165210884,0.5287879941432064,"[[2651 38046]
 [723 94862]]",2651.0,38046.0,723.0,94862.0
LSTM_BI,128,1,32,120,20,68,2023-09-12 10:19:48.980874,2023-09-12 10:21:46.474933,117.49405884742737,1.9582343141237895,asleep,0.7171453310048282,0.7842323651452282,0.06538822715365986,0.12071167883211677,0.07859980087423102,0.5288951655931946,"[[95088 728]
 [37820 2646]]",95088.0,728.0,37820.0,2646.0
LSTM_BI,128,1,32,120,20,68,2023-09-12 10:19:48.980874,2023-09-12 10:21:46.474933,117.49405884742737,1.9582343141237895,avg,0.7163345122613405,0.7489871008017651,0.5289121394177045,0.47551954246166594,0.07837753126316993,0.5288415798682005,,,,,
LSTM_BI,128,1,32,120,20,69,2023-09-12 10:21:47.319819,2023-09-12 10:23:44.738776,117.41895699501038,1.9569826165835063,awake,0.7162354529578374,0.7144278082119525,0.9919024951613747,0.8306043960857492,0.08221079000204645,0.5303395317293962,"[[2799 37898]
 [774 94811]]",2799.0,37898.0,774.0,94811.0
LSTM_BI,128,1,32,120,20,69,2023-09-12 10:21:47.319819,2023-09-12 10:23:44.738776,117.41895699501038,1.9569826165835063,asleep,0.7178570904448129,0.7819759305905402,0.06904561854396284,0.126887531506165,0.08269048587247041,0.5304577261960859,"[[95037 779]
 [37672 2794]]",95037.0,779.0,37672.0,2794.0
LSTM_BI,128,1,32,120,20,69,2023-09-12 10:21:47.319819,2023-09-12 10:23:44.738776,117.41895699501038,1.9569826165835063,avg,0.7170462717013252,0.7482018694012463,0.5304740568526688,0.47874596379595713,0.08245063793725843,0.530398628962741,,,,,
LSTM_BI,128,1,32,120,20,70,2023-09-12 10:23:45.599530,2023-09-12 10:25:43.313751,117.71422100067139,1.9619036833445231,awake,0.7165583129099955,0.7148234477660352,0.9913898624261129,0.8306918194887619,0.08449763162909973,0.5312258057246912,"[[2892 37805]
 [823 94762]]",2892.0,37805.0,823.0,94762.0
LSTM_BI,128,1,32,120,20,70,2023-09-12 10:23:45.599530,2023-09-12 10:25:43.313751,117.71422100067139,1.9619036833445231,asleep,0.718179950396971,0.7771197846567968,0.07134384421489645,0.13068966297729792,0.0849990930252228,0.5313511406095773,"[[94988 828]
 [37579 2887]]",94988.0,828.0,37579.0,2887.0
LSTM_BI,128,1,32,120,20,70,2023-09-12 10:23:45.599530,2023-09-12 10:25:43.313751,117.71422100067139,1.9619036833445231,avg,0.7173691316534833,0.745971616211416,0.5313668533205047,0.4806907412330299,0.08474836232716126,0.5312884731671343,,,,,
LSTM_BI,128,1,32,120,20,71,2023-09-12 10:25:44.159494,2023-09-12 10:27:41.888699,117.72920513153076,1.962153418858846,awake,0.7170352651120471,0.7152520875171757,0.9911387770047602,0.8308929612917089,0.08702293243986203,0.5321937097054171,"[[2981 37716]
 [847 94738]]",2981.0,37716.0,847.0,94738.0
LSTM_BI,128,1,32,120,20,71,2023-09-12 10:25:44.159494,2023-09-12 10:27:41.888699,117.72920513153076,1.962153418858846,asleep,0.7186569025990226,0.7774294670846394,0.07354322146987595,0.13437485889736758,0.08754529457368432,0.5323255891936505,"[[94964 852]
 [37490 2976]]",94964.0,852.0,37490.0,2976.0
LSTM_BI,128,1,32,120,20,71,2023-09-12 10:25:44.159494,2023-09-12 10:27:41.888699,117.72920513153076,1.962153418858846,avg,0.7178460838555348,0.7463407773009076,0.532340999237318,0.4826339100945382,0.08728411350677318,0.5322596494495337,,,,,
LSTM_BI,128,1,32,120,20,72,2023-09-12 10:27:42.743886,2023-09-12 10:29:39.841491,117.0976049900055,1.951626749833425,awake,0.7173140987070926,0.7155973702108366,0.9906889156248365,0.8309676853212821,0.0889997106166589,0.5329639383638103,"[[3062 37635]
 [890 94695]]",3062.0,37635.0,890.0,94695.0
LSTM_BI,128,1,32,120,20,72,2023-09-12 10:27:42.743886,2023-09-12 10:29:39.841491,117.0976049900055,1.951626749833425,asleep,0.7189357361940681,0.7735323886639676,0.07554490189294717,0.13764689990544376,0.0895407941008477,0.5331020409940649,"[[94921 895]
 [37409 3057]]",94921.0,895.0,37409.0,3057.0
LSTM_BI,128,1,32,120,20,72,2023-09-12 10:27:42.743886,2023-09-12 10:29:39.841491,117.0976049900055,1.951626749833425,avg,0.7181249174505804,0.744564879437402,0.5331169087588918,0.4843072926133629,0.0892702523587533,0.5330329896789376,,,,,
LSTM_BI,128,1,32,120,20,73,2023-09-12 10:29:40.676457,2023-09-12 10:31:38.981940,118.30548310279846,1.9717580517133078,awake,0.7176883227425486,0.7159875651430689,0.9903227493853638,0.8311017849460477,0.09125293973396231,0.5338374441818334,"[[3148 37549]
 [925 94660]]",3148.0,37549.0,925.0,94660.0
LSTM_BI,128,1,32,120,20,73,2023-09-12 10:29:40.676457,2023-09-12 10:31:38.981940,118.30548310279846,1.9717580517133078,asleep,0.7192659338724117,0.7709305180456666,0.07759600652399545,0.14100002245223286,0.0916714331701659,0.5339292965741794,"[[94883 933]
 [37326 3140]]",94883.0,933.0,37326.0,3140.0
LSTM_BI,128,1,32,120,20,73,2023-09-12 10:29:40.676457,2023-09-12 10:31:38.981940,118.30548310279846,1.9717580517133078,avg,0.7184771283074801,0.7434590415943678,0.5339593779546796,0.4860509036991403,0.09146218645206411,0.5338833703780064,,,,,
LSTM_BI,128,1,32,120,20,74,2023-09-12 10:31:39.847983,2023-09-12 10:33:37.242013,117.39403009414673,1.9565671682357788,awake,0.7177910509091443,0.7162793515216223,0.9896322644766439,0.8310549620466685,0.0928435558517563,0.5344750751579475,"[[3228 37469]
 [991 94594]]",3228.0,37469.0,991.0,94594.0
LSTM_BI,128,1,32,120,20,74,2023-09-12 10:31:39.847983,2023-09-12 10:33:37.242013,117.39403009414673,1.9565671682357788,asleep,0.7193686620390074,0.7632140317610808,0.07957297484307814,0.14411995076647646,0.09328029620826273,0.5345733706143253,"[[94817 999]
 [37246 3220]]",94817.0,999.0,37246.0,3220.0
LSTM_BI,128,1,32,120,20,74,2023-09-12 10:31:39.847983,2023-09-12 10:33:37.242013,117.39403009414673,1.9565671682357788,avg,0.7185798564740759,0.7397466916413515,0.534602619659861,0.4875874564065725,0.09306192603000951,0.5345242228861364,,,,,
LSTM_BI,128,1,32,120,20,75,2023-09-12 10:33:38.073493,2023-09-12 10:35:36.913058,118.83956503868103,1.9806594173113505,awake,0.7173728005165759,0.7165965780564454,0.9876340429983784,0.8305626795352867,0.09429538333145959,0.5351222774148587,"[[3362 37335]
 [1182 94403]]",3362.0,37335.0,1182.0,94403.0
LSTM_BI,128,1,32,120,20,75,2023-09-12 10:33:38.073493,2023-09-12 10:35:36.913058,118.83956503868103,1.9806594173113505,asleep,0.7189357361940681,0.7378961267605634,0.0828596846735531,0.1489891135303266,0.0947145121196179,0.5352148051822304,"[[94625 1191]
 [37113 3353]]",94625.0,1191.0,37113.0,3353.0
LSTM_BI,128,1,32,120,20,75,2023-09-12 10:33:38.073493,2023-09-12 10:35:36.913058,118.83956503868103,1.9806594173113505,avg,0.718154268355322,0.7272463524085044,0.5352468638359658,0.4897758965328067,0.09450494772553875,0.5351685412985445,,,,,
LSTM_BI,128,1,32,120,20,76,2023-09-12 10:35:37.765808,2023-09-12 10:37:35.814122,118.04831385612488,1.9674718976020813,awake,0.718378069003977,0.717825891599205,0.9861066066851494,0.8308461219776637,0.10116867080338665,0.5378354740185459,"[[3645 37052]
 [1328 94257]]",3645.0,37052.0,1328.0,94257.0
LSTM_BI,128,1,32,120,20,76,2023-09-12 10:35:37.765808,2023-09-12 10:37:35.814122,118.04831385612488,1.9674718976020813,asleep,0.7198969783243568,0.7305449426905288,0.08977907379034251,0.15990668808732586,0.10151050343795354,0.537896967804414,"[[94476 1340]
 [36833 3633]]",94476.0,1340.0,36833.0,3633.0
LSTM_BI,128,1,32,120,20,76,2023-09-12 10:35:37.765808,2023-09-12 10:37:35.814122,118.04831385612488,1.9674718976020813,avg,0.7191375236641669,0.724185417144867,0.537942840237746,0.4953764050324948,0.1013395871206701,0.53786622091148,,,,,
LSTM_BI,128,1,32,120,20,77,2023-09-12 10:37:36.692924,2023-09-12 10:39:34.982222,118.28929805755615,1.9714883009592692,awake,0.7197648992530195,0.7199138644514607,0.9828215724224513,0.8310708298500069,0.11243457252042388,0.542372773581302,"[[4148 36549]
 [1642 93943]]",4148.0,36549.0,1642.0,93943.0
LSTM_BI,128,1,32,120,20,77,2023-09-12 10:37:36.692924,2023-09-12 10:39:34.982222,118.28929805755615,1.9714883009592692,asleep,0.7212691331210285,0.7141623488773747,0.10218454999258637,0.1787876167416119,0.11284080204939995,0.5424559303356937,"[[94161 1655]
 [36331 4135]]",94161.0,1655.0,36331.0,4135.0
LSTM_BI,128,1,32,120,20,77,2023-09-12 10:37:36.692924,2023-09-12 10:39:34.982222,118.28929805755615,1.9714883009592692,avg,0.720517016187024,0.7170381066644177,0.5425030612075188,0.5049292232958094,0.11263768728491191,0.5424143519584979,,,,,
LSTM_BI,128,1,32,120,20,78,2023-09-12 10:39:35.833794,2023-09-12 10:41:33.588079,117.75428485870361,1.962571414311727,awake,0.7212764708472139,0.7219242683434278,0.9801433279280222,0.8314467139098062,0.12311516768167052,0.5467097453950748,"[[4610 36087]
 [1898 93687]]",4610.0,36087.0,1898.0,93687.0
LSTM_BI,128,1,32,120,20,78,2023-09-12 10:39:35.833794,2023-09-12 10:41:33.588079,117.75428485870361,1.962571414311727,asleep,0.7227807047152228,0.706361401352182,0.11360154203528888,0.1957252948439562,0.12362052896847708,0.5468285325606018,"[[93905 1911]
 [35869 4597]]",93905.0,1911.0,35869.0,4597.0
LSTM_BI,128,1,32,120,20,78,2023-09-12 10:39:35.833794,2023-09-12 10:41:33.588079,117.75428485870361,1.962571414311727,avg,0.7220285877812184,0.7141428348478049,0.5468724349816555,0.5135860043768812,0.1233678483250738,0.5467691389778383,,,,,
LSTM_BI,128,1,32,120,20,79,2023-09-12 10:41:34.449319,2023-09-12 10:43:32.416893,117.96757411956787,1.9661262353261313,awake,0.7222230375251317,0.7235011266231504,0.9775383166814877,0.8315504690030792,0.13115811516294795,0.5500513167307972,"[[4988 35709]
 [2147 93438]]",4988.0,35709.0,2147.0,93438.0
LSTM_BI,128,1,32,120,20,79,2023-09-12 10:41:34.449319,2023-09-12 10:43:32.416893,117.96757411956787,1.9661262353261313,asleep,0.7236979204883991,0.6969866853538893,0.12289329313497752,0.20894519022709607,0.13164960657926805,0.5501646059897147,"[[93654 2162]
 [35493 4973]]",93654.0,2162.0,35493.0,4973.0
LSTM_BI,128,1,32,120,20,79,2023-09-12 10:41:34.449319,2023-09-12 10:43:32.416893,117.96757411956787,1.9661262353261313,avg,0.7229604790067654,0.7102439059885198,0.5502158049082326,0.5202478296150876,0.131403860871108,0.550107961360256,,,,,
LSTM_BI,128,1,32,120,20,80,2023-09-12 10:43:33.275115,2023-09-12 10:45:30.842152,117.5670371055603,1.959450618426005,awake,0.7219808925610132,0.7242119007647827,0.974839148401946,0.831040495163858,0.13426596527534673,0.5514660641142344,"[[5213 35484]
 [2405 93180]]",5213.0,35484.0,2405.0,93180.0
LSTM_BI,128,1,32,120,20,80,2023-09-12 10:43:33.275115,2023-09-12 10:45:30.842152,117.5670371055603,1.959450618426005,asleep,0.7234411000719098,0.6822000525072197,0.12842880442840904,0.21616338075035355,0.13475662716769654,0.5515808128345602,"[[93395 2421]
 [35269 5197]]",93395.0,2421.0,35269.0,5197.0
LSTM_BI,128,1,32,120,20,80,2023-09-12 10:43:33.275115,2023-09-12 10:45:30.842152,117.5670371055603,1.959450618426005,avg,0.7227109963164615,0.7032059766360013,0.5516339764151775,0.5236019379571057,0.13451129622152164,0.5515234384743972,,,,,
LSTM_BI,128,1,32,120,20,81,2023-09-12 10:45:31.705469,2023-09-12 10:47:30.032120,118.326651096344,1.9721108516057333,awake,0.7219295284777153,0.724759418708848,0.9730815504524769,0.8307609860664524,0.1367197341642279,0.5525652979183288,"[[5374 35323]
 [2573 93012]]",5374.0,35323.0,2573.0,93012.0
LSTM_BI,128,1,32,120,20,81,2023-09-12 10:45:31.705469,2023-09-12 10:47:30.032120,118.326651096344,1.9721108516057333,asleep,0.7234044114409827,0.6743425191896313,0.13243216527455148,0.22138681759031667,0.13728822714901245,0.552711031288858,"[[93228 2588]
 [35107 5359]]",93228.0,2588.0,35107.0,5359.0
LSTM_BI,128,1,32,120,20,81,2023-09-12 10:45:31.705469,2023-09-12 10:47:30.032120,118.326651096344,1.9721108516057333,avg,0.722666969959349,0.6995509689492396,0.5527568578635143,0.5260739018283845,0.13700398065662017,0.5526381646035934,,,,,
LSTM_BI,128,1,32,120,20,82,2023-09-12 10:47:30.885852,2023-09-12 10:49:28.004230,117.11837792396545,1.9519729653994242,awake,0.7221496602632776,0.7251851216067541,0.9723178322958623,0.8307619422196796,0.13879378944965437,0.5534488883817568,"[[5477 35220]
 [2646 92939]]",5477.0,35220.0,2646.0,92939.0
LSTM_BI,128,1,32,120,20,82,2023-09-12 10:47:30.885852,2023-09-12 10:49:28.004230,117.11837792396545,1.9519729653994242,asleep,0.7236098677741741,0.6722885633386679,0.1349527998813819,0.2247833871864002,0.13933706664737588,0.5535851917917388,"[[93154 2662]
 [35005 5461]]",93154.0,2662.0,35005.0,5461.0
LSTM_BI,128,1,32,120,20,82,2023-09-12 10:47:30.885852,2023-09-12 10:49:28.004230,117.11837792396545,1.9519729653994242,avg,0.7228797640187259,0.698736842472711,0.5536353160886222,0.5277726647030399,0.13906542804851513,0.5535170400867477,,,,,
LSTM_BI,128,1,32,120,20,83,2023-09-12 10:49:28.854673,2023-09-12 10:51:26.072239,117.21756601333618,1.9536261002222697,awake,0.7223771297750253,0.7253887223679281,0.9722341371554114,0.8308649646620204,0.13986914315976307,0.5538861916088873,"[[5516 35181]
 [2654 92931]]",5516.0,35181.0,2654.0,92931.0
LSTM_BI,128,1,32,120,20,83,2023-09-12 10:49:28.854673,2023-09-12 10:51:26.072239,117.21756601333618,1.9536261002222697,asleep,0.7238373372859218,0.6731946144430845,0.1359165719369347,0.22616991528908628,0.1404203106448666,0.5540253311383763,"[[93146 2670]
 [34966 5500]]",93146.0,2670.0,34966.0,5500.0
LSTM_BI,128,1,32,120,20,83,2023-09-12 10:49:28.854673,2023-09-12 10:51:26.072239,117.21756601333618,1.9536261002222697,avg,0.7231072335304736,0.6992916684055063,0.5540753545461731,0.5285174399755533,0.14014472690231483,0.5539557613736318,,,,,
LSTM_BI,128,1,32,120,20,84,2023-09-12 10:51:26.942144,2023-09-12 10:53:24.827265,117.88512110710144,1.9647520184516907,awake,0.7222670638822442,0.7251702378259479,0.9726316890725533,0.830866713139221,0.13881059110055483,0.5534338139197692,"[[5463 35234]
 [2616 92969]]",5463.0,35234.0,2616.0,92969.0
LSTM_BI,128,1,32,120,20,84,2023-09-12 10:51:26.942144,2023-09-12 10:53:24.827265,117.88512110710144,1.9647520184516907,asleep,0.7237125959407699,0.6740933283822256,0.1345821183215539,0.22436914203316513,0.139305514858043,0.553551182730953,"[[93183 2633]
 [35020 5446]]",93183.0,2633.0,35020.0,5446.0
LSTM_BI,128,1,32,120,20,84,2023-09-12 10:51:26.942144,2023-09-12 10:53:24.827265,117.88512110710144,1.9647520184516907,avg,0.722989829911507,0.6996317831040868,0.5536069036970536,0.5276179275861931,0.1390580529792989,0.5534924983253611,,,,,
LSTM_BI,128,1,32,120,20,85,2023-09-12 10:53:25.681632,2023-09-12 10:55:37.283807,131.6021749973297,2.1933695832888285,awake,0.7223404411440982,0.7248339394316952,0.973803421038866,0.8310729368487781,0.13734642365215954,0.5527665162790714,"[[5361 35336]
 [2504 93081]]",5361.0,35336.0,2504.0,93081.0
LSTM_BI,128,1,32,120,20,85,2023-09-12 10:53:25.681632,2023-09-12 10:55:37.283807,131.6021749973297,2.1933695832888285,asleep,0.7238006486549948,0.6795931341385887,0.132086195818712,0.22118309159752542,0.13786697864924446,0.5528928933506185,"[[93296 2520]
 [35121 5345]]",93296.0,2520.0,35121.0,5345.0
LSTM_BI,128,1,32,120,20,85,2023-09-12 10:53:25.681632,2023-09-12 10:55:37.283807,131.6021749973297,2.1933695832888285,avg,0.7230705448995465,0.7022135367851419,0.552944808428789,0.5261280142231518,0.137606701150702,0.552829704814845,,,,,
LSTM_BI,128,1,32,120,20,86,2023-09-12 10:55:38.142891,2023-09-12 10:57:36.631649,118.4887580871582,1.97481263478597,awake,0.7224138184059523,0.7245127232299045,0.9749333054349532,0.8312727467351745,0.13594008445078476,0.5521274385247843,"[[5263 35434]
 [2396 93189]]",5263.0,35434.0,2396.0,93189.0
LSTM_BI,128,1,32,120,20,86,2023-09-12 10:55:38.142891,2023-09-12 10:57:36.631649,118.4887580871582,1.97481263478597,asleep,0.7238740259168489,0.6850763807285546,0.1296644096278357,0.2180571428571428,0.1364411971988957,0.5522455804505547,"[[93404 2412]
 [35219 5247]]",93404.0,2412.0,35219.0,5247.0
LSTM_BI,128,1,32,120,20,86,2023-09-12 10:55:38.142891,2023-09-12 10:57:36.631649,118.4887580871582,1.97481263478597,avg,0.7231439221614007,0.7047945519792296,0.5522988575313944,0.5246649447961587,0.13619064082484023,0.5521865094876695,,,,,
LSTM_BI,128,1,32,120,20,87,2023-09-12 10:57:37.471238,2023-09-12 10:59:35.488836,118.01759815216064,1.9669599692026773,awake,0.7229421346913019,0.7245726180397518,0.9759690327980332,0.8316884645216508,0.13658383107231253,0.5523135824235392,"[[5236 35461]
 [2297 93288]]",5236.0,35461.0,2297.0,93288.0
LSTM_BI,128,1,32,120,20,87,2023-09-12 10:57:37.471238,2023-09-12 10:59:35.488836,118.01759815216064,1.9669599692026773,asleep,0.7244023422021983,0.6929510155316607,0.1289971828201453,0.217504531344403,0.13708009223080164,0.5524285822258028,"[[93503 2313]
 [35246 5220]]",93503.0,2313.0,35246.0,5220.0
LSTM_BI,128,1,32,120,20,87,2023-09-12 10:57:37.471238,2023-09-12 10:59:35.488836,118.01759815216064,1.9669599692026773,avg,0.7236722384467501,0.7087618167857063,0.5524831078090893,0.5245964979330269,0.1368319616515571,0.552371082324671,,,,,
LSTM_BI,128,1,32,120,20,88,2023-09-12 10:59:36.340233,2023-09-12 11:01:33.314005,116.97377181053162,1.9495628635088602,awake,0.7232576569172745,0.7248042140592952,0.9760004184757023,0.8318524099742751,0.13786090130402817,0.5528207119776108,"[[5276 35421]
 [2294 93291]]",5276.0,35421.0,2294.0,93291.0
LSTM_BI,128,1,32,120,20,88,2023-09-12 10:59:36.340233,2023-09-12 11:01:33.314005,116.97377181053162,1.9495628635088602,asleep,0.724717864428171,0.6948480845442536,0.12998566697968664,0.21900241485552502,0.13836550118434732,0.5529384793110005,"[[93506 2310]
 [35206 5260]]",93506.0,2310.0,35206.0,5260.0
LSTM_BI,128,1,32,120,20,88,2023-09-12 10:59:36.340233,2023-09-12 11:01:33.314005,116.97377181053162,1.9495628635088602,avg,0.7239877606727227,0.7098261493017743,0.5529930427276945,0.5254274124149001,0.13811320124418774,0.5528795956443057,,,,,
LSTM_BI,128,1,32,120,20,89,2023-09-12 11:01:34.179162,2023-09-12 11:03:33.200173,119.0210108757019,1.9836835145950318,awake,0.7235805168694325,0.7251815792338678,0.9756133284511168,0.831960174681839,0.1398012190814143,0.553622326313673,"[[5357 35340]
 [2331 93254]]",5357.0,35340.0,2331.0,93254.0
LSTM_BI,128,1,32,120,20,89,2023-09-12 11:01:34.179162,2023-09-12 11:03:33.200173,119.0210108757019,1.9836835145950318,asleep,0.7250407243803291,0.6947190426638917,0.13198734740275786,0.22182996220459358,0.14032229894959725,0.5537462411222689,"[[93469 2347]
 [35125 5341]]",93469.0,2347.0,35125.0,5341.0
LSTM_BI,128,1,32,120,20,89,2023-09-12 11:01:34.179162,2023-09-12 11:03:33.200173,119.0210108757019,1.9836835145950318,avg,0.7243106206248808,0.7099503109488798,0.5538003379269374,0.5268950684432163,0.14006175901550577,0.553684283717971,,,,,
LSTM_BI,128,1,32,120,20,90,2023-09-12 11:03:34.043558,2023-09-12 11:05:31.018373,116.97481513023376,1.9495802521705627,awake,0.7237566222978823,0.7256328374483995,0.9746717581210441,0.8319142761468914,0.1419590356104392,0.5545521357870621,"[[5471 35226]
 [2421 93164]]",5471.0,35226.0,2421.0,93164.0
LSTM_BI,128,1,32,120,20,90,2023-09-12 11:03:34.043558,2023-09-12 11:05:31.018373,116.97481513023376,1.9495802521705627,asleep,0.7252168298087789,0.691206284845413,0.1348045272574507,0.22560899954505978,0.14250284062482277,0.5546851808868034,"[[93379 2437]
 [35011 5455]]",93379.0,2437.0,35011.0,5455.0
LSTM_BI,128,1,32,120,20,90,2023-09-12 11:03:34.043558,2023-09-12 11:05:31.018373,116.97481513023376,1.9495802521705627,avg,0.7244867260533305,0.7084195611469062,0.5547381426892474,0.5287616378459756,0.142230938117631,0.5546186583369328,,,,,
LSTM_BI,128,1,32,120,20,91,2023-09-12 11:05:31.882415,2023-09-12 11:07:29.450761,117.56834602355957,1.9594724337259928,awake,0.7238373372859218,0.7261318494353435,0.9733744834440551,0.8317688497917002,0.1442442843596683,0.5555620973624924,"[[5606 35091]
 [2545 93040]]",5606.0,35091.0,2545.0,93040.0
LSTM_BI,128,1,32,120,20,91,2023-09-12 11:05:31.882415,2023-09-12 11:07:29.450761,117.56834602355957,1.9594724337259928,asleep,0.7252828693444475,0.6856827383143173,0.1381159491919142,0.22991957545714461,0.14476892195126556,0.5556885999612405,"[[93254 2562]
 [34877 5589]]",93254.0,2562.0,34877.0,5589.0
LSTM_BI,128,1,32,120,20,91,2023-09-12 11:05:31.882415,2023-09-12 11:07:29.450761,117.56834602355957,1.9594724337259928,avg,0.7245601033151847,0.7059072938748303,0.5557452163179847,0.5308442126244224,0.14450660315546693,0.5556253486618665,,,,,
LSTM_BI,128,1,32,120,20,92,2023-09-12 11:07:30.288972,2023-09-12 11:09:29.173978,118.88500618934631,1.9814167698224385,awake,0.723947403178703,0.7265811898991479,0.9722969085107496,0.8316696122955771,0.1463130808405485,0.5564730482057888,"[[5724 34973]
 [2648 92937]]",5724.0,34973.0,2648.0,92937.0
LSTM_BI,128,1,32,120,20,92,2023-09-12 11:07:30.288972,2023-09-12 11:09:29.173978,118.88500618934631,1.9814167698224385,asleep,0.7253929352372287,0.6816770186335404,0.14103197746256116,0.23371145419550352,0.14686081628583092,0.5566091255769013,"[[93151 2665]
 [34759 5707]]",93151.0,2665.0,34759.0,5707.0
LSTM_BI,128,1,32,120,20,92,2023-09-12 11:07:30.288972,2023-09-12 11:09:29.173978,118.88500618934631,1.9814167698224385,avg,0.7246701692079658,0.7041291042663441,0.5566644429866554,0.5326905332455403,0.1465869485631897,0.5565410868913451,,,,,
LSTM_BI,128,1,32,120,20,93,2023-09-12 11:09:30.023001,2023-09-12 11:11:27.231124,117.2081229686737,1.9534687161445619,awake,0.7240941577024111,0.7270463302321211,0.9712611811476696,0.831594835115126,0.14846346738357563,0.5574172087520789,"[[5843 34854]
 [2747 92838]]",5843.0,34854.0,2747.0,92838.0
LSTM_BI,128,1,32,120,20,93,2023-09-12 11:09:30.023001,2023-09-12 11:11:27.231124,117.2081229686737,1.9534687161445619,asleep,0.7255396897609369,0.6782305005820721,0.14397271783719665,0.2375244618395303,0.14903432933867478,0.5575628805851258,"[[93052 2764]
 [34640 5826]]",93052.0,2764.0,34640.0,5826.0
LSTM_BI,128,1,32,120,20,93,2023-09-12 11:09:30.023001,2023-09-12 11:11:27.231124,117.2081229686737,1.9534687161445619,avg,0.724816923731674,0.7026384154070966,0.5576169494924331,0.5345596484773282,0.1487488983611252,0.5574900446686024,,,,,
LSTM_BI,128,1,32,120,20,94,2023-09-12 11:11:28.082504,2023-09-12 11:13:26.964894,118.88239002227783,1.981373167037964,awake,0.7244683817378671,0.727525777237621,0.9707067008421824,0.8317049121548942,0.15083444980211802,0.5584177040589515,"[[5947 34750]
 [2800 92785]]",5947.0,34750.0,2800.0,92785.0
LSTM_BI,128,1,32,120,20,94,2023-09-12 11:11:28.082504,2023-09-12 11:13:26.964894,118.88239002227783,1.981373167037964,asleep,0.7258992383440219,0.6778323996798903,0.1465180645480156,0.24095259382683434,0.1513801906956248,0.558553763842848,"[[92998 2818]
 [34537 5929]]",92998.0,2818.0,34537.0,5929.0
LSTM_BI,128,1,32,120,20,94,2023-09-12 11:11:28.082504,2023-09-12 11:13:26.964894,118.88239002227783,1.981373167037964,avg,0.7251838100409445,0.7026790884587557,0.5586123826950989,0.5363287529908642,0.1511073202488714,0.5584857339508997,,,,,
LSTM_BI,128,1,32,120,20,95,2023-09-12 11:13:27.812524,2023-09-12 11:15:26.182112,118.3695878982544,1.9728264649709066,awake,0.7247618907852834,0.7274935169733863,0.9714704189987969,0.8319640185283076,0.150919280199169,0.5583941278471882,"[[5914 34783]
 [2727 92858]]",5914.0,34783.0,2727.0,92858.0
LSTM_BI,128,1,32,120,20,95,2023-09-12 11:13:27.812524,2023-09-12 11:15:26.182112,118.3695878982544,1.9728264649709066,asleep,0.7261927473914384,0.6823284342090036,0.145702565116394,0.24012869855621397,0.15145900555546,0.5585269525924293,"[[93071 2745]
 [34570 5896]]",93071.0,2745.0,34570.0,5896.0
LSTM_BI,128,1,32,120,20,95,2023-09-12 11:13:27.812524,2023-09-12 11:15:26.182112,118.3695878982544,1.9728264649709066,avg,0.7254773190883609,0.7049109755911949,0.5585864920575955,0.5360463585422608,0.1511891428773145,0.5584605402198088,,,,,
LSTM_BI,128,1,32,120,20,96,2023-09-12 11:15:27.041855,2023-09-12 11:17:24.058324,117.01646900177002,1.9502744833628336,awake,0.7253782597848578,0.7273843314801348,0.9731966312705969,0.8325248800744612,0.1509164534776426,0.5582620746347333,"[[5833 34864]
 [2562 93023]]",5833.0,34864.0,2562.0,93023.0
LSTM_BI,128,1,32,120,20,96,2023-09-12 11:15:27.041855,2023-09-12 11:17:24.058324,117.01646900177002,1.9502744833628336,asleep,0.7268384672957544,0.6929124478856462,0.14375030890129986,0.23810400933259657,0.1515324231635914,0.5584222864536557,"[[93238 2578]
 [34649 5817]]",93238.0,2578.0,34649.0,5817.0
LSTM_BI,128,1,32,120,20,96,2023-09-12 11:15:27.041855,2023-09-12 11:17:24.058324,117.01646900177002,1.9502744833628336,avg,0.7261083635403061,0.7101483896828905,0.5584734700859484,0.535314444703529,0.151224438320617,0.5583421805441945,,,,,
LSTM_BI,128,1,32,120,20,97,2023-09-12 11:17:24.930775,2023-09-12 11:19:23.643375,118.71259999275208,1.9785433332125346,awake,0.7263541773675174,0.7295973027476682,0.9689595647852697,0.8324128540549771,0.16116162038188164,0.5627533652120073,"[[6371 34326]
 [2967 92618]]",6371.0,34326.0,2967.0,92618.0
LSTM_BI,128,1,32,120,20,97,2023-09-12 11:17:24.930775,2023-09-12 11:19:23.643375,118.71259999275208,1.9785433332125346,asleep,0.7277703585213015,0.6802313129149711,0.15697128453516532,0.25507991325997914,0.16174416711165085,0.5629036935325071,"[[92830 2986]
 [34114 6352]]",92830.0,2986.0,34114.0,6352.0
LSTM_BI,128,1,32,120,20,97,2023-09-12 11:17:24.930775,2023-09-12 11:19:23.643375,118.71259999275208,1.9785433332125346,avg,0.7270622679444094,0.7049143078313196,0.5629654246602175,0.5437463836574781,0.16145289374676625,0.5628285293722572,,,,,
LSTM_BI,128,1,32,120,20,98,2023-09-12 11:19:24.511166,2023-09-12 11:21:21.318841,116.80767488479614,1.946794581413269,awake,0.7254149484157849,0.729951767217522,0.9658105351258043,0.8314786877125038,0.16188142497551372,0.5633043141756745,"[[6544 34153]
 [3268 92317]]",6544.0,34153.0,3268.0,92317.0
LSTM_BI,128,1,32,120,20,98,2023-09-12 11:19:24.511166,2023-09-12 11:21:21.318841,116.80767488479614,1.946794581413269,asleep,0.7267871032124565,0.6646962902568284,0.16117234221321602,0.25943752734794545,0.1623599943009254,0.5634178484882562,"[[92526 3290]
 [33944 6522]]",92526.0,3290.0,33944.0,6522.0
LSTM_BI,128,1,32,120,20,98,2023-09-12 11:19:24.511166,2023-09-12 11:21:21.318841,116.80767488479614,1.946794581413269,avg,0.7261010258141207,0.6973240287371751,0.5634914386695101,0.5454581075302246,0.16212070963821956,0.5633610813319654,,,,,
LSTM_BI,128,1,32,120,20,99,2023-09-12 11:21:22.151518,2023-09-12 11:23:19.255101,117.1035828590393,1.9517263809839884,awake,0.7240574690714842,0.7284418562501478,0.9670973479102369,0.8309736342960905,0.1544506332726644,0.560163657860566,"[[6236 34461]
 [3145 92440]]",6236.0,34461.0,3145.0,92440.0
LSTM_BI,128,1,32,120,20,99,2023-09-12 11:21:22.151518,2023-09-12 11:23:19.255101,117.1035828590393,1.9517263809839884,asleep,0.7254589747728973,0.6626159258074832,0.15361043839272476,0.24940317371155737,0.1549603480131777,0.5602891884708051,"[[92651 3165]
 [34250 6216]]",92651.0,3165.0,34250.0,6216.0
LSTM_BI,128,1,32,120,20,99,2023-09-12 11:21:22.151518,2023-09-12 11:23:19.255101,117.1035828590393,1.9517263809839884,avg,0.7247582219221907,0.6955288910288155,0.5603538931514809,0.540188404003824,0.15470549064292105,0.5602264231656855,,,,,
LSTM_BI,128,1,32,120,20,100,2023-09-12 11:23:20.094105,2023-09-12 11:25:18.290596,118.1964910030365,1.969941516717275,awake,0.7225899238344022,0.7260365076011861,0.9708008578751897,0.8307653741819386,0.1429062506592027,0.55520901433701,"[[5682 35015]
 [2791 92794]]",5682.0,35015.0,2791.0,92794.0
LSTM_BI,128,1,32,120,20,100,2023-09-12 11:23:20.094105,2023-09-12 11:25:18.290596,118.1964910030365,1.969941516717275,asleep,0.7240207804405571,0.6684763365986074,0.13996935699105423,0.2314718322810029,0.14339888602786044,0.5553263750806486,"[[93007 2809]
 [34802 5664]]",93007.0,2809.0,34802.0,5664.0
LSTM_BI,128,1,32,120,20,100,2023-09-12 11:23:20.094105,2023-09-12 11:25:18.290596,118.1964910030365,1.969941516717275,avg,0.7233053521374797,0.6972564220998967,0.555385107433122,0.5311186032314708,0.14315256834353157,0.5552676947088293,,,,,
LSTM_BI,128,1,32,120,20,101,2023-09-12 11:25:19.132274,2023-09-12 11:27:16.563528,117.43125414848328,1.957187569141388,awake,0.7219148530253445,0.7247481240795718,0.9730815504524769,0.8307535659738658,0.1366583316674812,0.5525407260825669,"[[5372 35325]
 [2573 93012]]",5372.0,35325.0,2573.0,93012.0
LSTM_BI,128,1,32,120,20,101,2023-09-12 11:25:19.132274,2023-09-12 11:27:16.563528,117.43125414848328,1.957187569141388,asleep,0.7233457096314994,0.673882945248584,0.13230860475460882,0.22118939910350954,0.13708909210859122,0.5526335960234594,"[[93225 2591]
 [35112 5354]]",93225.0,2591.0,35112.0,5354.0
LSTM_BI,128,1,32,120,20,101,2023-09-12 11:25:19.132274,2023-09-12 11:27:16.563528,117.43125414848328,1.957187569141388,avg,0.722630281328422,0.6993155346640779,0.5526950776035429,0.5259714825386876,0.1368737118880362,0.5525871610530131,,,,,
LSTM_BI,128,1,32,120,20,102,2023-09-12 11:27:17.399180,2023-09-12 11:29:15.839820,118.44063997268677,1.974010666211446,awake,0.7212764708472139,0.7248629741251424,0.971271643040226,0.8301686018697773,0.13672782543987327,0.552692361314201,"[[5458 35239]
 [2746 92839]]",5458.0,35239.0,2746.0,92839.0
LSTM_BI,128,1,32,120,20,102,2023-09-12 11:27:17.399180,2023-09-12 11:29:15.839820,118.44063997268677,1.974010666211446,asleep,0.722692652000998,0.6629692832764505,0.13440913359363416,0.2235052393671666,0.13712951691269815,0.5527758701282022,"[[93051 2765]
 [35027 5439]]",93051.0,2765.0,35027.0,5439.0
LSTM_BI,128,1,32,120,20,102,2023-09-12 11:27:17.399180,2023-09-12 11:29:15.839820,118.44063997268677,1.974010666211446,avg,0.7219845614241059,0.6939161287007964,0.55284038831693,0.526836920618472,0.1369286711762857,0.5527341157212016,,,,,
LSTM_BI,128,1,32,120,20,103,2023-09-12 11:29:16.678817,2023-09-12 11:31:15.755086,119.0762689113617,1.9846044818560282,awake,0.7203005532645543,0.7261180581240704,0.9653188261756552,0.8288047139559325,0.1416015860130898,0.5550726130779989,"[[5894 34803]
 [3315 92270]]",5894.0,34803.0,3315.0,92270.0
LSTM_BI,128,1,32,120,20,103,2023-09-12 11:29:16.678817,2023-09-12 11:31:15.755086,119.0762689113617,1.9846044818560282,asleep,0.7217167344183384,0.6379628624172006,0.1451836109326348,0.2365374937091092,0.14208812709865326,0.5551938761017019,"[[92482 3334]
 [34591 5875]]",92482.0,3334.0,34591.0,5875.0
LSTM_BI,128,1,32,120,20,103,2023-09-12 11:29:16.678817,2023-09-12 11:31:15.755086,119.0762689113617,1.9846044818560282,avg,0.7210086438414464,0.6820404602706355,0.555251218554145,0.5326711038325208,0.14184485655587153,0.5551332445898505,,,,,
LSTM_BI,128,1,32,120,20,104,2023-09-12 11:31:16.604274,2023-09-12 11:33:14.519703,117.91542887687683,1.9652571479479473,awake,0.7192219075152991,0.7271790481625924,0.9597530993356698,0.8274338079110314,0.14539894169147816,0.5570198280421622,"[[6279 34418]
 [3847 91738]]",6279.0,34418.0,3847.0,91738.0
LSTM_BI,128,1,32,120,20,104,2023-09-12 11:31:16.604274,2023-09-12 11:33:14.519703,117.91542887687683,1.9652571479479473,asleep,0.7206234132167124,0.6181117914280071,0.1546730588642317,0.2474304237824162,0.14591316641251428,0.5571572274366245,"[[91949 3867]
 [34207 6259]]",91949.0,3867.0,34207.0,6259.0
LSTM_BI,128,1,32,120,20,104,2023-09-12 11:31:16.604274,2023-09-12 11:33:14.519703,117.91542887687683,1.9652571479479473,avg,0.7199226603660058,0.6726454197952998,0.5572130790999508,0.5374321158467238,0.14565605405199622,0.5570885277393933,,,,,
LSTM_BI,128,1,32,120,20,105,2023-09-12 11:33:15.373774,2023-09-12 11:35:13.839343,118.46556901931763,1.9744261503219604,awake,0.7167564315170015,0.7270966507787219,0.9543652246691426,0.8253719797147213,0.14324312439690612,0.5565250700095843,"[[6458 34239]
 [4362 91223]]",6458.0,34239.0,4362.0,91223.0
LSTM_BI,128,1,32,120,20,105,2023-09-12 11:33:15.373774,2023-09-12 11:35:13.839343,118.46556901931763,1.9744261503219604,asleep,0.7181432617660439,0.5949168207024029,0.15907181337419068,0.25102367117731933,0.1437450162990459,0.5566639437581481,"[[91433 4383]
 [34029 6437]]",91433.0,4383.0,34029.0,6437.0
LSTM_BI,128,1,32,120,20,105,2023-09-12 11:33:15.373774,2023-09-12 11:35:13.839343,118.46556901931763,1.9744261503219604,avg,0.7174498466415227,0.6610067357405625,0.5567185190216667,0.5381978254460204,0.143494070347976,0.5565945068838662,,,,,
LSTM_BI,128,1,32,120,20,106,2023-09-12 11:35:14.679140,2023-09-12 11:37:12.589928,117.91078782081604,1.9651797970136007,awake,0.7153108994584758,0.7269464715332784,0.951498666108699,0.8242016167035198,0.1415641449946461,0.5560378064061936,"[[6535 34162]
 [4636 90949]]",6535.0,34162.0,4636.0,90949.0
LSTM_BI,128,1,32,120,20,106,2023-09-12 11:35:14.679140,2023-09-12 11:37:12.589928,117.91078782081604,1.9651797970136007,asleep,0.7166977297075182,0.5831169993733775,0.16097464538130776,0.25229970757402637,0.14207989477022664,0.5561855359327011,"[[91159 4657]
 [33952 6514]]",91159.0,4657.0,33952.0,6514.0
LSTM_BI,128,1,32,120,20,106,2023-09-12 11:35:14.679140,2023-09-12 11:37:12.589928,117.91078782081604,1.9651797970136007,avg,0.7160043145829971,0.6550317354533279,0.5562366557450034,0.538250662138773,0.14182201988243637,0.5561116711694474,,,,,
LSTM_BI,128,1,32,120,20,107,2023-09-12 11:37:13.447082,2023-09-12 11:39:11.197257,117.75017499923706,1.962502916653951,awake,0.7141735518997373,0.726491761318189,0.9502118533242664,0.8234264862537114,0.13883298856081172,0.5550012506417877,"[[6503 34194]
 [4759 90826]]",6503.0,34194.0,4759.0,90826.0
LSTM_BI,128,1,32,120,20,107,2023-09-12 11:37:13.447082,2023-09-12 11:39:11.197257,117.75017499923706,1.962502916653951,asleep,0.715531031244038,0.5753862546616942,0.16013443384569762,0.25054129291679555,0.13925369243081442,0.5551131382721015,"[[91034 4782]
 [33986 6480]]",91034.0,4782.0,33986.0,6480.0
LSTM_BI,128,1,32,120,20,107,2023-09-12 11:37:13.447082,2023-09-12 11:39:11.197257,117.75017499923706,1.962502916653951,avg,0.7148522915718877,0.6509390079899416,0.555173143584982,0.5369838895852534,0.13904334049581307,0.5550571944569447,,,,,
LSTM_BI,128,1,32,120,20,108,2023-09-12 11:39:12.033644,2023-09-12 11:41:11.635314,119.60167002677917,1.9933611671129863,awake,0.7125959407698742,0.7265724773294994,0.946372338756081,0.8220332052016031,0.138062966046113,0.5549489528755955,"[[6655 34042]
 [5126 90459]]",6655.0,34042.0,5126.0,90459.0
LSTM_BI,128,1,32,120,20,108,2023-09-12 11:39:12.033644,2023-09-12 11:41:11.635314,119.60167002677917,1.9933611671129863,asleep,0.7139093937570625,0.5626856803327391,0.16381653733998913,0.25375619652803033,0.13837934810555064,0.5550234060165755,"[[90664 5152]
 [33837 6629]]",90664.0,5152.0,33837.0,6629.0
LSTM_BI,128,1,32,120,20,108,2023-09-12 11:39:12.033644,2023-09-12 11:41:11.635314,119.60167002677917,1.9933611671129863,avg,0.7132526672634684,0.6446290788311193,0.555094438048035,0.5378947008648167,0.13822115707583182,0.5549861794460855,,,,,
LSTM_BI,128,1,32,120,20,109,2023-09-12 11:41:12.478139,2023-09-12 11:43:09.971903,117.4937641620636,1.95822940270106,awake,0.7130802306981112,0.7318963747587962,0.9325103311188994,0.820113171090767,0.15974209057291733,0.5651076608293714,"[[8046 32651]
 [6451 89134]]",8046.0,32651.0,6451.0,89134.0
LSTM_BI,128,1,32,120,20,109,2023-09-12 11:41:12.478139,2023-09-12 11:43:09.971903,117.4937641620636,1.95822940270106,asleep,0.7142909555187039,0.5527350486307512,0.1980180892601196,0.2915779706347907,0.1600051779425754,0.5651733595670223,"[[89332 6484]
 [32453 8013]]",89332.0,6484.0,32453.0,8013.0
LSTM_BI,128,1,32,120,20,109,2023-09-12 11:41:12.478139,2023-09-12 11:43:09.971903,117.4937641620636,1.95822940270106,avg,0.7136855931084076,0.6423157116947737,0.5652642101895095,0.5558455708627789,0.15987363425774637,0.5651405101981968,,,,,
LSTM_BI,128,1,32,120,20,110,2023-09-12 11:43:10.819216,2023-09-12 11:45:08.533519,117.7143030166626,1.96190505027771,awake,0.7128160725554366,0.7348611561857686,0.9238792697598995,0.818600641465359,0.17055476509035483,0.5704857193579211,"[[8835 31862]
 [7276 88309]]",8835.0,31862.0,7276.0,88309.0
LSTM_BI,128,1,32,120,20,110,2023-09-12 11:43:10.819216,2023-09-12 11:45:08.533519,117.7143030166626,1.96190505027771,asleep,0.7139827710189166,0.5461485941282354,0.21744180299510701,0.3110451243438146,0.1708249190152784,0.5705644349366451,"[[88504 7312]
 [31667 8799]]",88504.0,7312.0,31667.0,8799.0
LSTM_BI,128,1,32,120,20,110,2023-09-12 11:43:10.819216,2023-09-12 11:45:08.533519,117.7143030166626,1.96190505027771,avg,0.7133994217871766,0.6405048751570019,0.5706605363775032,0.5648228829045868,0.17068984205281662,0.5705250771472832,,,,,
LSTM_BI,128,1,32,120,20,111,2023-09-12 11:45:09.379026,2023-09-12 11:47:07.031140,117.65211415290833,1.9608685692151389,awake,0.7134397792811964,0.7394652569511513,0.9131662917821834,0.8171872878856677,0.1871549599440684,0.5787543132990088,"[[9944 30753]
 [8300 87285]]",9944.0,30753.0,8300.0,87285.0
LSTM_BI,128,1,32,120,20,111,2023-09-12 11:45:09.379026,2023-09-12 11:47:07.031140,117.65211415290833,1.9608685692151389,asleep,0.7144743986733391,0.5425893444420083,0.24462511738249396,0.3372168284789644,0.18722817855441676,0.5787655519282846,"[[87471 8345]
 [30567 9899]]",87471.0,8345.0,30567.0,9899.0
LSTM_BI,128,1,32,120,20,111,2023-09-12 11:45:09.379026,2023-09-12 11:47:07.031140,117.65211415290833,1.9608685692151389,avg,0.7139570889772677,0.6410273006965799,0.5788957045823387,0.5772020581823161,0.18719156924924257,0.5787599326136468,,,,,
LSTM_BI,128,1,32,120,20,112,2023-09-12 11:47:07.872151,2023-09-12 11:49:04.589974,116.71782302856445,1.9452970504760743,awake,0.7159933079937189,0.7417175202706149,0.9129989015012816,0.8184934558227,0.19695628087303874,0.5831426922672145,"[[10308 30389]
 [8316 87269]]",10308.0,30389.0,8316.0,87269.0
LSTM_BI,128,1,32,120,20,112,2023-09-12 11:47:07.872151,2023-09-12 11:49:04.589974,116.71782302856445,1.9452970504760743,asleep,0.7170426028382325,0.5511168384879725,0.2536450353383087,0.3474022677271958,0.19712696158623622,0.5831972358790567,"[[87456 8360]
 [30202 10264]]",87456.0,8360.0,30202.0,10264.0
LSTM_BI,128,1,32,120,20,112,2023-09-12 11:47:07.872151,2023-09-12 11:49:04.589974,116.71782302856445,1.9452970504760743,avg,0.7165179554159757,0.6464171793792937,0.5833219684197951,0.5829478617749478,0.19704162122963748,0.5831699640731356,,,,,
LSTM_BI,128,1,32,120,20,113,2023-09-12 11:49:05.450250,2023-09-12 11:51:04.113419,118.6631691455841,1.977719485759735,awake,0.7165289620052538,0.7454426353849735,0.9048177015222054,0.817434288252696,0.2092871647571658,0.5895565520658672,"[[11163 29534]
 [9098 86487]]",11163.0,29534.0,9098.0,86487.0
LSTM_BI,128,1,32,120,20,113,2023-09-12 11:49:05.450250,2023-09-12 11:51:04.113419,118.6631691455841,1.977719485759735,asleep,0.7175048795879133,0.5485415329944228,0.27465032372856224,0.3660315839741795,0.20938277550687634,0.5895930503171491,"[[86669 9147]
 [29352 11114]]",86669.0,9147.0,29352.0,11114.0
LSTM_BI,128,1,32,120,20,113,2023-09-12 11:49:05.450250,2023-09-12 11:51:04.113419,118.6631691455841,1.977719485759735,avg,0.7170169207965835,0.6469920841896981,0.5897340126253838,0.5917329361134378,0.20933497013202107,0.5895748011915082,,,,,
LSTM_BI,128,1,32,120,20,114,2023-09-12 11:51:04.960290,2023-09-12 11:53:02.896937,117.93664693832397,1.9656107823053997,awake,0.7215919930731864,0.7550056183254735,0.8927446775121619,0.8181181929743825,0.24213968146598686,0.606175272633271,"[[13007 27690]
 [10252 85333]]",13007.0,27690.0,10252.0,85333.0
LSTM_BI,128,1,32,120,20,114,2023-09-12 11:51:04.960290,2023-09-12 11:53:02.896937,117.93664693832397,1.9656107823053997,asleep,0.7225385597511044,0.5570316866589278,0.3201700192754411,0.40662220478619066,0.2424139728540179,0.6063205026660248,"[[85513 10303]
 [27510 12956]]",85513.0,10303.0,27510.0,12956.0
LSTM_BI,128,1,32,120,20,114,2023-09-12 11:51:04.960290,2023-09-12 11:53:02.896937,117.93664693832397,1.9656107823053997,avg,0.7220652764121454,0.6560186524922007,0.6064573483938015,0.6123701988802865,0.24227682716000237,0.6062478876496479,,,,,
LSTM_BI,128,1,32,120,20,115,2023-09-12 11:53:03.750076,2023-09-12 11:55:01.097148,117.34707188606262,1.9557845314343771,awake,0.7204399700620772,0.7576322535539501,0.8843019302191767,0.8160810230218537,0.24782009165582009,0.6099397456093794,"[[13657 27040]
 [11059 84526]]",13657.0,27040.0,11059.0,84526.0
LSTM_BI,128,1,32,120,20,115,2023-09-12 11:53:03.750076,2023-09-12 11:55:01.097148,117.34707188606262,1.9557845314343771,asleep,0.721386536739995,0.5504936073798349,0.33623288686798797,0.4174772176367709,0.24818184485218375,0.6101407400024168,"[[84706 11110]
 [26860 13606]]",84706.0,11110.0,26860.0,13606.0
LSTM_BI,128,1,32,120,20,115,2023-09-12 11:53:03.750076,2023-09-12 11:55:01.097148,117.34707188606262,1.9557845314343771,avg,0.7209132534010361,0.6540629304668926,0.6102674085435823,0.6167791203293123,0.24800096825400192,0.6100402428058981,,,,,
LSTM_BI,128,1,32,120,20,116,2023-09-12 11:55:01.974128,2023-09-12 11:56:59.457980,117.48385190963745,1.9580641984939575,awake,0.7172407214452385,0.765739412345587,0.8599257205628498,0.8101041261143168,0.26393446191871917,0.6210211692476878,"[[15551 25146]
 [13389 82196]]",15551.0,25146.0,13389.0,82196.0
LSTM_BI,128,1,32,120,20,116,2023-09-12 11:55:01.974128,2023-09-12 11:56:59.457980,117.48385190963745,1.9580641984939575,asleep,0.7180258581470774,0.5352107809260539,0.3827657786783967,0.44633028844768463,0.26411030287239823,0.6211910633393654,"[[82365 13451]
 [24977 15489]]",82365.0,13451.0,24977.0,15489.0
LSTM_BI,128,1,32,120,20,116,2023-09-12 11:55:01.974128,2023-09-12 11:56:59.457980,117.48385190963745,1.9580641984939575,avg,0.7176332897961579,0.6504750966358204,0.6213457496206232,0.6282172072810007,0.2640223823955587,0.6211061162935265,,,,,
LSTM_BI,128,1,32,120,20,117,2023-09-12 11:57:00.333772,2023-09-12 11:58:57.553466,117.21969413757324,1.953661568959554,awake,0.7116567118181418,0.76756124689844,0.8446827431082283,0.8042774462828853,0.26162822709082956,0.6219506793655007,"[[16247 24450]
 [14846 80739]]",16247.0,24450.0,14846.0,80739.0
LSTM_BI,128,1,32,120,20,117,2023-09-12 11:57:00.333772,2023-09-12 11:58:57.553466,117.21969413757324,1.953661568959554,asleep,0.71225106763916,0.5201170681503875,0.3996441457025651,0.4519906650456267,0.2614072062579905,0.6219592941921859,"[[80895 14921]
 [24294 16172]]",80895.0,14921.0,24294.0,16172.0
LSTM_BI,128,1,32,120,20,117,2023-09-12 11:57:00.333772,2023-09-12 11:58:57.553466,117.21969413757324,1.953661568959554,avg,0.7119538897286509,0.6438391575244138,0.6221634444053967,0.6281340556642561,0.26151771667441004,0.6219549867788433,,,,,
LSTM_BI,128,1,32,120,20,118,2023-09-12 11:58:58.420097,2023-09-12 12:00:55.959555,117.53945779800415,1.9589909633000693,awake,0.7113705404969108,0.7681585019355085,0.8428728356959774,0.8037831663066739,0.26260859360838085,0.6226920386554192,"[[16381 24316]
 [15019 80566]]",16381.0,24316.0,15019.0,80566.0
LSTM_BI,128,1,32,120,20,118,2023-09-12 11:58:58.420097,2023-09-12 12:00:55.959555,117.53945779800415,1.9589909633000693,asleep,0.711964896317929,0.5192993630573248,0.4029555676370286,0.4537889961873487,0.26240482450917935,0.6227122331797901,"[[80722 15094]
 [24160 16306]]",80722.0,15094.0,24160.0,16306.0
LSTM_BI,128,1,32,120,20,118,2023-09-12 11:58:58.420097,2023-09-12 12:00:55.959555,117.53945779800415,1.9589909633000693,avg,0.7116677184074199,0.6437289324964166,0.622914201666503,0.6287860812470113,0.2625067090587801,0.6227021359176046,,,,,
LSTM_BI,128,1,32,120,20,119,2023-09-12 12:00:56.812564,2023-09-12 12:02:55.746257,118.93369317054749,1.9822282195091248,awake,0.7073347910949355,0.7678348175645785,0.8352879635926139,0.8001423080970301,0.2573445193080247,0.6210496382328994,"[[16556 24141]
 [15744 79841]]",16556.0,24141.0,15744.0,79841.0
LSTM_BI,128,1,32,120,20,119,2023-09-12 12:00:56.812564,2023-09-12 12:02:55.746257,118.93369317054749,1.9822282195091248,asleep,0.7079144714635829,0.5102167182662539,0.40725547373103343,0.45295879943929857,0.2571348658203053,0.6210736749134419,"[[79996 15820]
 [23986 16480]]",79996.0,15820.0,23986.0,16480.0
LSTM_BI,128,1,32,120,20,119,2023-09-12 12:00:56.812564,2023-09-12 12:02:55.746257,118.93369317054749,1.9822282195091248,avg,0.7076246312792591,0.6390257679154162,0.6212717186618237,0.6265505537681644,0.257239692564165,0.6210616565731706,,,,,
